ID LKPBU;2016;2017;2018;2019;2020;2021;2022;2023;2024
777249566;0.00;0.00;0.00;0.00;3.35;5.00;0.00;0.00;0.00 
777249614;0.00;0.00;0.00;0.00;0.00;1.00;0.00;0.00;0.00 
777249711;0.00;0.00;0.00;0.00;0.00;0.00;0.00;0.00;0.00 
777249656;0.00;0.00;0.00;0.00;0.00;0.00;0.00;0.00;0.00 
777249564;0.00;0.00;0.00;0.00;3.35;0.00;0.00;0.00;0.00 
777249287;0.00;0.00;3.15;3.00;2.15;5.00;0.00;0.00;0.00 
777249647;0.00;0.00;0.00;0.00;0.00;0.00;0.00;3.00;3.70 
777249620;0.00;0.00;0.00;0.00;0.00;0.00;0.00;0.00;0.00 
777249511;0.00;0.00;0.00;0.00;0.00;0.00;0.00;0.00;0.00 
777249574;0.00;0.00;0.00;0.00;3.95;1.00;0.00;1.00;0.00 
777249730;0.00;0.00;0.00;0.00;0.00;0.00;0.00;0.00;1.87 
777249505;0.00;0.00;0.00;0.00;2.45;5.00;0.00;0.00;0.00 
777249633;0.00;0.00;0.00;0.00;0.00;0.00;0.00;0.00;0.00 
777249641;0.00;0.00;0.00;0.00;0.00;0.00;0.00;0.00;0.00 
777249729;0.00;0.00;0.00;0.00;0.00;0.00;0.00;0.00;2.07 
777249096;0.00;0.00;2.65;2.65;3.50;0.00;0.00;2.75;0.00 
777249726;0.00;0.00;0.00;0.00;0.00;0.00;0.00;0.00;1.84 
777249552;0.00;0.00;0.00;0.00;2.75;5.00;0.00;0.00;0.00 
777249599;0.00;0.00;0.00;0.00;0.00;3.05;3.05;0.00;0.00 
777249714;0.00;0.00;0.00;0.00;0.00;0.00;0.00;0.00;0.00 
777249663;0.00;0.00;0.00;0.00;0.00;0.00;0.00;0.00;0.00 
777249542;0.00;0.00;0.00;0.00;0.00;2.27;2.27;2.27;3.40 
777249697;0.00;0.00;0.00;0.00;0.00;0.00;0.00;0.00;2.40 
777249682;0.00;0.00;0.00;0.00;0.00;0.00;0.00;0.00;0.00 
777249507;0.00;0.00;0.00;0.00;1.00;2.80;0.00;2.75;0.00 
777249613;0.00;0.00;0.00;0.00;0.00;0.00;4.00;4.00;2.26 
777249699;0.00;0.00;0.00;0.00;0.00;0.00;0.00;0.00;2.26 
777249617;0.00;0.00;0.00;0.00;0.00;3.00;1.00;4.80;0.00 
777958130;0.00;0.00;0.00;0.00;0.00;0.00;0.00;0.00;0.00 
777249732;0.00;0.00;0.00;0.00;0.00;0.00;0.00;0.00;2.42 
777248710;0.00;0.00;1.69;2.31;2.00;2.30;1.00;2.16;3.30 
777249637;0.00;0.00;0.00;0.00;0.00;0.00;0.00;3.00;2.62 
777249573;0.00;0.00;0.00;0.00;3.05;3.85;3.25;3.25;0.00 
777249690;0.00;0.00;0.00;0.00;0.00;0.00;0.00;0.00;0.00 
777249735;0.00;0.00;0.00;0.00;0.00;0.00;0.00;0.00;0.00 
777248538;0.00;0.00;1.10;1.10;1.00;1.00;0.00;1.10;0.00 
777249674;0.00;0.00;0.00;0.00;0.00;0.00;0.00;3.00;2.38 
777249579;0.00;0.00;0.00;0.00;0.00;5.00;0.00;0.00;0.00 
777249596;0.00;0.00;0.00;0.00;0.00;2.00;0.00;2.00;0.00 
777249712;0.00;0.00;0.00;0.00;0.00;0.00;0.00;0.00;0.00 
777249581;0.00;0.00;0.00;0.00;0.00;1.00;0.00;1.14;0.00 
777249631;0.00;0.00;0.00;0.00;0.00;0.00;0.00;0.00;0.00 
777249667;0.00;0.00;0.00;0.00;0.00;0.00;0.00;0.00;0.00 
777249540;0.00;0.00;0.00;0.00;4.10;2.25;2.25;1.35;3.10 
777249539;0.00;0.00;0.00;0.00;3.65;0.00;0.00;0.00;0.00 
777249619;0.00;0.00;0.00;0.00;0.00;0.00;0.00;0.00;0.00 
777249676;0.00;0.00;0.00;0.00;0.00;0.00;0.00;0.00;0.00 
777248908;0.00;0.00;0.00;0.00;0.00;0.00;0.00;2.00;3.55 
777249698;0.00;0.00;0.00;0.00;0.00;0.00;0.00;0.00;2.34 
777249662;0.00;0.00;0.00;0.00;0.00;0.00;0.00;2.00;0.00 
777249687;0.00;0.00;0.00;0.00;0.00;0.00;0.00;0.00;0.00 
777249629;0.00;0.00;0.00;0.00;0.00;0.00;0.00;0.00;0.00 
777249642;0.00;0.00;0.00;0.00;0.00;0.00;0.00;1.43;0.00 
777249733;0.00;0.00;0.00;0.00;0.00;0.00;0.00;0.00;2.19 
777249685;0.00;0.00;0.00;0.00;0.00;0.00;0.00;0.00;0.00 
777249700;0.00;0.00;0.00;0.00;0.00;0.00;0.00;0.00;2.39 
777249605;0.00;0.00;0.00;0.00;0.00;2.50;0.00;3.85;0.00 
777249683;0.00;0.00;0.00;0.00;0.00;0.00;0.00;3.00;2.37 
777249538;0.00;0.00;0.00;0.00;0.00;0.00;0.00;0.00;0.00 
777249709;0.00;0.00;0.00;0.00;0.00;0.00;0.00;0.00;0.00 
777249666;0.00;0.00;0.00;0.00;0.00;0.00;0.00;0.00;0.00 
777249734;0.00;0.00;0.00;0.00;0.00;0.00;0.00;0.00;0.00 
777249721;0.00;0.00;0.00;0.00;0.00;0.00;0.00;0.00;0.00 
777249652;0.00;0.00;0.00;0.00;0.00;0.00;0.00;3.00;2.64 
777249653;0.00;0.00;0.00;0.00;0.00;0.00;0.00;2.10;2.31 
777249513;0.00;0.00;0.00;0.00;0.00;0.00;0.00;0.00;0.00 
777249591;0.00;0.00;0.00;0.00;0.00;1.50;0.00;1.83;0.00 
777249565;0.00;0.00;0.00;0.00;1.10;0.00;0.00;0.00;0.00 
777249668;0.00;0.00;0.00;0.00;0.00;0.00;0.00;0.00;0.00 
777249587;0.00;0.00;0.00;0.00;0.00;0.00;4.00;3.00;2.40 
777249658;0.00;0.00;0.00;0.00;0.00;0.00;0.00;0.00;0.00 
777249671;0.00;0.00;0.00;0.00;0.00;0.00;0.00;1.25;0.00 
777249689;0.00;0.00;0.00;0.00;0.00;0.00;0.00;0.00;0.00 
777249679;0.00;0.00;0.00;0.00;0.00;0.00;0.00;1.00;1.00 
777248512;0.00;0.00;3.20;2.80;2.80;1.00;0.00;0.00;0.00 
777248128;0.00;0.00;2.40;2.40;1.90;0.00;0.00;0.00;0.00 
777249728;0.00;0.00;0.00;0.00;0.00;0.00;0.00;0.00;2.44 
777249560;0.00;0.00;0.00;0.00;4.05;5.00;0.00;0.00;0.00 
777248219;0.00;0.00;1.00;2.14;1.50;1.25;0.00;1.37;0.00 
777249563;0.00;0.00;0.00;0.00;1.20;0.00;0.00;0.00;0.00 
777249627;0.00;0.00;0.00;0.00;0.00;1.00;0.00;1.37;0.00 
777249494;0.00;0.00;0.00;2.15;2.80;2.15;3.38;2.00;0.00 
777249752;0.00;0.00;0.00;0.00;0.00;0.00;0.00;0.00;0.00 
777249632;0.00;0.00;0.00;0.00;0.00;0.00;0.00;2.68;0.00 
777249578;0.00;0.00;0.00;0.00;0.00;1.60;1.60;1.60;1.00 
777249590;0.00;0.00;0.00;0.00;0.00;0.00;4.00;3.00;2.37 
777249659;0.00;0.00;0.00;0.00;0.00;0.00;0.00;0.00;0.00 
777249152;0.00;0.00;2.85;2.85;2.15;0.87;0.00;0.00;0.00 
777249646;0.00;0.00;0.00;0.00;0.00;0.00;0.00;0.00;0.00 
777249602;0.00;0.00;0.00;0.00;0.00;2.65;0.00;2.80;0.00 
777249588;0.00;0.00;0.00;0.00;0.00;3.25;3.00;2.15;0.00 
777249738;0.00;0.00;0.00;0.00;0.00;0.00;0.00;0.00;0.00 
777249706;0.00;0.00;0.00;0.00;0.00;0.00;0.00;0.00;0.00 
777249570;0.00;0.00;0.00;0.00;1.10;1.95;0.00;2.52;0.00 
777249523;0.00;0.00;0.00;0.00;1.15;1.75;0.00;0.00;0.00 
777249718;0.00;0.00;0.00;0.00;0.00;0.00;0.00;0.00;0.00 
777249694;0.00;0.00;0.00;0.00;0.00;0.00;0.00;0.00;2.25 
777248096;0.00;0.00;4.45;2.60;2.75;0.00;0.00;0.00;0.00 
777248337;0.00;0.00;0.00;1.95;1.95;0.00;0.00;0.00;0.00 
777248451;0.00;0.00;4.25;4.40;3.31;0.00;0.00;0.00;0.00 
777248719;0.00;0.00;2.15;2.15;4.00;0.00;0.00;0.00;0.00 
777248749;0.00;0.00;3.80;3.95;3.25;0.00;0.00;0.00;0.00 
777248799;0.00;0.00;3.00;3.00;2.20;0.00;0.00;0.00;0.00 
777248865;0.00;0.00;3.14;4.00;4.00;1.00;2.50;3.50;0.00 
777248904;0.00;0.00;4.20;3.85;5.00;0.00;0.00;0.00;0.00 
777249085;0.00;0.00;4.80;4.90;3.40;5.00;0.00;0.00;0.00 
777249106;0.00;0.00;2.00;2.00;2.25;1.90;0.00;2.25;0.00 
777249146;0.00;0.00;4.00;3.70;3.70;0.00;0.00;0.00;0.00 
777249291;0.00;0.00;4.80;4.80;4.25;4.04;4.04;0.00;0.00 
777249386;0.00;0.00;3.37;4.30;3.37;0.00;0.00;0.00;0.00 
777249406;0.00;0.00;2.58;2.58;2.50;0.00;0.00;0.00;0.00 
777249458;0.00;0.00;0.00;2.90;2.90;0.00;0.00;0.00;0.00 
777249468;0.00;0.00;0.00;0.00;0.00;0.00;0.00;0.00;0.00 
777249478;0.00;0.00;0.00;4.31;4.26;3.89;0.00;0.00;0.00 
777249510;0.00;0.00;0.00;0.00;3.00;3.00;2.00;2.00;3.38 
777249519;0.00;0.00;0.00;0.00;3.00;3.15;2.00;2.00;2.94 
777249528;0.00;0.00;0.00;0.00;3.40;3.00;3.00;3.00;3.15 
777249583;0.00;0.00;0.00;0.00;0.00;1.89;3.25;2.00;0.00 
777249616;0.00;0.00;0.00;0.00;0.00;3.53;2.94;3.09;0.00 
777249625;0.00;0.00;0.00;0.00;0.00;0.00;2.00;3.00;3.45 
777249640;0.00;0.00;0.00;0.00;0.00;0.00;0.00;1.46;0.00 
777249686;0.00;0.00;0.00;0.00;0.00;0.00;0.00;0.00;0.00 
777249618;0.00;0.00;0.00;0.00;0.00;0.00;3.45;3.45;2.48 
777249720;0.00;0.00;0.00;0.00;0.00;0.00;0.00;0.00;0.00 
777249678;0.00;0.00;0.00;0.00;0.00;0.00;0.00;0.00;1.40 
777249665;0.00;0.00;0.00;0.00;0.00;0.00;0.00;0.00;0.00 
777249521;0.00;0.00;0.00;0.00;0.00;0.00;0.00;0.00;0.00 
777249607;0.00;0.00;0.00;0.00;0.00;3.05;3.05;0.00;0.00 
777249535;0.00;0.00;0.00;0.00;0.00;2.20;0.00;1.75;0.00 
777249705;0.00;0.00;0.00;0.00;0.00;0.00;0.00;0.00;0.00 
777249561;0.00;0.00;0.00;0.00;3.20;1.80;1.00;2.15;0.00 
777249722;0.00;0.00;0.00;0.00;0.00;0.00;0.00;0.00;0.00 
777249623;0.00;0.00;0.00;0.00;0.00;0.00;0.00;0.00;0.00 
777249524;0.00;0.00;0.00;0.00;2.80;0.00;0.00;0.00;0.00 
777249571;0.00;0.00;0.00;0.00;4.30;0.00;0.00;0.00;0.00 
777249648;0.00;0.00;0.00;0.00;0.00;0.00;0.00;2.75;0.00 
777249537;0.00;0.00;0.00;0.00;2.45;0.00;0.00;0.00;0.00 
777248185;0.00;0.00;3.60;3.60;3.60;0.00;0.00;0.00;0.00 
777249669;0.00;0.00;0.00;0.00;0.00;0.00;0.00;0.00;0.00 
777249651;0.00;0.00;0.00;0.00;0.00;0.00;0.00;3.00;2.71 
777249677;0.00;0.00;0.00;0.00;0.00;0.00;0.00;0.00;0.00 
777249515;0.00;0.00;0.00;0.00;1.30;5.00;0.00;0.00;0.00 
777249719;0.00;0.00;0.00;0.00;0.00;0.00;0.00;0.00;0.00 
777249643;0.00;0.00;0.00;0.00;0.00;0.00;0.00;0.00;0.00 
777248938;0.00;0.00;0.00;2.00;0.00;0.00;0.00;1.00;0.00 
777249635;0.00;0.00;0.00;0.00;0.00;0.00;0.00;0.00;0.00 
777249598;0.00;0.00;0.00;0.00;0.00;0.00;1.00;1.00;0.00 
777249691;0.00;0.00;0.00;0.00;0.00;0.00;0.00;0.00;2.45 
777249649;0.00;0.00;0.00;0.00;0.00;0.00;0.00;0.00;0.00 
777249611;0.00;0.00;0.00;0.00;0.00;0.00;0.00;0.00;0.00 
777249526;0.00;0.00;0.00;2.85;2.85;2.65;3.28;3.28;2.16 
777249568;0.00;0.00;0.00;0.00;3.35;5.00;0.00;0.00;0.00 
777249482;0.00;0.00;0.00;0.00;3.20;3.55;0.00;1.90;0.00 
777249481;0.00;0.00;0.00;3.60;1.75;2.00;0.00;0.00;0.00 
777249483;0.00;0.00;0.00;0.00;0.00;0.00;0.00;0.00;0.00 
777249498;0.00;0.00;0.00;1.40;1.15;2.55;0.00;2.68;0.00 
777249497;0.00;0.00;0.00;0.00;0.00;0.00;0.00;0.00;0.00 
777249489;0.00;0.00;0.00;0.00;0.00;0.00;0.00;0.00;0.00 
777249516;0.00;0.00;0.00;0.00;2.80;2.90;0.00;2.58;0.00 
777952443;0.00;0.00;1.00;2.11;1.00;1.00;0.00;1.00;0.00 
777248570;0.00;0.00;3.95;3.46;3.46;1.93;1.93;2.00;2.00 
777249355;0.00;0.00;3.70;3.66;3.73;3.73;3.57;0.00;0.00 
777249329;0.00;0.00;3.62;3.43;3.31;3.43;2.76;0.00;0.00 
777248149;0.00;0.00;1.45;1.55;1.55;0.00;0.00;0.00;0.00 
777248025;0.00;0.00;0.00;0.00;0.00;0.00;0.00;0.00;0.00 
777248389;0.00;0.00;0.00;1.00;0.00;1.00;0.00;1.03;0.00 
777248641;0.00;0.00;0.00;0.00;0.00;0.00;0.00;0.00;0.00 
777248535;0.00;0.00;1.15;1.15;1.15;0.00;0.00;0.00;0.00 
777248723;0.00;0.00;2.25;2.25;2.05;2.80;0.00;2.78;0.00 
777248249;0.00;0.00;0.00;1.20;0.00;1.00;0.00;3.00;0.00 
777248399;0.00;0.00;4.40;0.00;0.00;0.00;0.00;0.00;0.00 
777248554;0.00;0.00;0.00;0.00;0.00;0.00;0.00;0.00;0.00 
777248021;0.00;0.00;0.00;0.00;0.00;1.00;0.00;1.00;0.00 
777248313;0.00;0.00;3.00;0.00;1.45;2.15;0.00;2.55;0.00 
777248416;0.00;0.00;1.95;1.95;0.00;0.00;0.00;0.00;0.00 
777249469;0.00;0.00;1.85;3.00;3.00;0.00;0.00;0.00;0.00 
777249454;0.00;0.00;0.00;0.00;3.40;0.00;0.00;0.00;0.00 
777248672;0.00;0.00;0.00;0.00;0.00;0.00;0.00;0.00;0.00 
777248764;0.00;0.00;0.00;0.00;0.00;0.00;0.00;0.00;0.00 
777248805;0.00;0.00;0.00;1.10;0.00;0.00;0.00;0.00;0.00 
777249325;0.00;0.00;4.16;3.59;3.49;3.49;2.74;0.00;0.00 
777248246;0.00;0.00;2.55;2.60;1.00;0.00;0.00;0.00;0.00 
777248288;0.00;0.00;1.35;0.00;1.35;1.00;0.00;1.36;0.00 
777248279;0.00;0.00;1.25;1.25;1.25;1.25;0.00;1.32;0.00 
777248255;0.00;0.00;5.00;0.00;0.00;3.00;0.00;3.00;0.00 
777248513;0.00;0.00;0.00;3.65;0.00;1.50;0.00;2.00;0.00 
777248380;0.00;0.00;0.00;0.00;0.00;0.00;0.00;0.00;0.00 
777953293;0.00;0.00;2.05;2.07;1.10;1.40;0.00;0.00;0.00 
777248240;0.00;0.00;2.45;2.45;2.05;1.15;0.00;1.15;0.00 
777248428;0.00;0.00;1.00;2.67;0.00;1.25;0.00;0.00;0.00 
777248483;0.00;0.00;1.45;1.45;1.25;1.95;0.00;2.25;0.00 
777248120;0.00;0.00;1.00;0.00;0.00;2.00;0.00;1.77;0.00 
777248250;0.00;0.00;0.00;0.00;0.00;0.00;0.00;0.00;0.00 
777248414;0.00;0.00;0.00;1.00;1.00;2.05;0.00;2.72;0.00 
777248511;0.00;0.00;4.35;3.75;3.55;2.60;0.00;2.60;0.00 
777248344;0.00;0.00;0.00;2.80;2.80;1.15;0.00;1.10;0.00 
777249366;0.00;0.00;3.66;3.58;3.53;3.53;0.00;0.00;0.00 
777249368;0.00;0.00;3.61;3.58;3.57;3.57;4.11;0.00;0.00 
777249390;0.00;0.00;3.61;3.53;3.56;3.56;3.62;0.00;0.00 
777248209;0.00;0.00;1.55;0.00;0.00;2.65;0.00;2.63;0.00 
777248375;0.00;0.00;0.00;0.00;0.00;0.00;0.00;0.00;0.00 
777248527;0.00;0.00;0.00;0.00;2.05;0.00;0.00;0.00;0.00 
777248556;0.00;0.00;0.00;0.00;1.85;0.00;0.00;2.82;0.00 
777248634;0.00;0.00;2.85;2.95;1.00;0.00;0.00;0.00;0.00 
777248748;0.00;0.00;3.65;0.00;0.00;1.40;0.00;0.00;0.00 
777248840;0.00;0.00;2.10;2.10;1.60;1.35;0.00;1.73;0.00 
777248327;0.00;0.00;1.00;0.00;0.00;0.00;0.00;0.00;0.00 
777248453;0.00;0.00;0.00;3.95;0.00;0.00;0.00;0.00;0.00 
777248574;0.00;0.00;0.00;4.30;1.65;1.95;0.00;4.03;0.00 
777248766;0.00;0.00;0.00;1.00;1.00;0.00;0.00;0.00;0.00 
777248795;0.00;0.00;1.00;3.81;1.00;1.00;0.00;1.00;0.00 
777249359;0.00;0.00;4.10;4.01;3.94;3.94;3.80;0.00;0.00 
777249360;0.00;0.00;3.62;3.59;3.58;3.29;0.00;0.00;0.00 
777249361;0.00;0.00;3.70;3.67;3.62;3.62;0.00;0.00;0.00 
777249362;0.00;0.00;3.75;3.67;3.62;3.62;3.51;0.00;0.00 
777248171;0.00;0.00;1.00;1.00;0.00;0.00;0.00;0.00;0.00 
777248415;0.00;0.00;0.00;0.00;0.00;0.00;0.00;0.00;0.00 
777248699;0.00;0.00;0.00;0.00;0.00;0.00;0.00;0.00;0.00 
777248459;0.00;0.00;2.00;3.58;0.00;2.75;0.00;2.53;0.00 
777248111;0.00;0.00;3.00;0.00;0.00;0.00;0.00;0.00;0.00 
777248717;0.00;0.00;0.00;1.00;1.30;1.00;0.00;2.18;0.00 
777248229;0.00;0.00;2.10;1.00;1.00;1.20;0.00;3.31;0.00 
777248341;0.00;0.00;3.10;2.45;3.10;1.55;0.00;1.68;0.00 
777248548;0.00;0.00;0.00;2.75;0.00;0.00;0.00;0.00;0.00 
777248158;0.00;0.00;4.85;0.00;1.00;2.10;0.00;1.68;0.00 
777248227;0.00;0.00;0.00;0.00;0.00;0.00;0.00;0.00;0.00 
777248027;0.00;0.00;1.25;1.25;1.70;1.15;0.00;1.75;0.00 
777248692;0.00;0.00;1.00;0.00;1.15;2.55;0.00;2.70;0.00 
777248252;0.00;0.00;1.10;0.00;0.00;2.35;0.00;2.35;0.00 
777248347;0.00;0.00;2.30;2.30;0.00;0.00;0.00;2.88;0.00 
777249352;0.00;0.00;4.19;4.16;4.11;4.11;0.00;0.00;0.00 
777249354;0.00;0.00;3.66;3.59;3.58;0.00;0.00;0.00;0.00 
777249356;0.00;0.00;3.70;3.67;3.75;3.75;3.69;0.00;0.00 
777248410;0.00;0.00;1.00;0.00;2.45;0.00;0.00;0.00;0.00 
777248763;0.00;0.00;0.00;2.75;0.00;0.00;0.00;0.00;0.00 
777248643;0.00;0.00;3.10;2.25;0.00;2.00;0.00;0.00;0.00 
777248814;0.00;0.00;0.00;0.00;1.00;1.00;0.00;1.00;0.00 
777248765;0.00;0.00;0.00;0.00;3.25;0.00;0.00;0.00;0.00 
777248306;0.00;0.00;0.00;0.00;0.00;0.00;0.00;0.00;0.00 
777248401;0.00;0.00;0.00;0.00;0.00;0.00;0.00;0.00;0.00 
777248278;0.00;0.00;2.55;0.00;1.55;2.40;0.00;2.63;0.00 
777248798;0.00;0.00;0.00;0.00;0.00;0.00;0.00;0.00;0.00 
777248818;0.00;0.00;0.00;0.00;1.00;2.65;0.00;2.88;0.00 
777248526;0.00;0.00;1.75;0.00;1.55;3.15;0.00;1.60;0.00 
777248310;0.00;0.00;0.00;0.00;0.00;0.00;0.00;0.00;0.00 
777249411;0.00;0.00;3.54;3.37;3.39;3.39;0.00;0.00;0.00 
777249412;0.00;0.00;3.70;3.62;3.57;3.57;3.17;0.00;0.00 
777248274;0.00;0.00;0.00;0.00;1.35;0.00;0.00;0.00;0.00 
777248619;0.00;0.00;0.00;4.50;0.00;0.00;0.00;0.00;0.00 
777248118;0.00;0.00;0.00;0.00;1.00;1.00;0.00;2.98;0.00 
777248787;0.00;0.00;1.75;1.75;0.00;4.60;0.00;3.26;0.00 
777248049;0.00;0.00;2.05;2.05;1.85;1.00;0.00;1.05;0.00 
777248037;0.00;0.00;2.65;2.65;1.95;3.75;0.00;2.08;0.00 
777248711;0.00;0.00;0.00;0.00;0.00;0.00;0.00;0.00;0.00 
777248109;0.00;0.00;0.00;0.00;0.00;0.00;0.00;0.00;0.00 
777248561;0.00;0.00;2.60;0.00;2.40;0.00;0.00;0.00;0.00 
777248167;0.00;0.00;0.00;0.00;0.00;0.00;0.00;0.00;0.00 
777248295;0.00;0.00;0.00;0.00;0.00;0.00;0.00;0.00;0.00 
777248023;0.00;0.00;2.35;2.35;2.05;1.40;0.00;1.29;0.00 
777248116;0.00;0.00;1.15;4.10;0.00;0.00;0.00;0.00;0.00 
777248626;0.00;0.00;4.70;3.43;3.43;1.75;1.75;1.84;3.28 
777249278;0.00;0.00;1.75;1.98;1.75;2.11;2.11;1.95;2.60 
777249391;0.00;0.00;3.75;2.15;2.15;1.75;1.75;1.82;3.14 
777249392;0.00;0.00;3.75;3.00;3.00;1.75;1.75;1.86;3.63 
777248270;0.00;0.00;2.25;2.25;1.00;2.65;0.00;2.88;0.00 
777248365;0.00;0.00;1.00;0.00;1.00;0.00;0.00;0.00;0.00 
777248349;0.00;0.00;0.00;0.00;0.00;0.00;0.00;0.00;0.00 
777248361;0.00;0.00;2.75;0.00;0.00;0.00;0.00;0.00;0.00 
777248871;0.00;0.00;0.00;0.00;3.55;0.00;0.00;0.00;0.00 
777248872;0.00;0.00;2.35;1.70;1.70;1.00;0.00;1.57;0.00 
777248832;0.00;0.00;0.00;0.00;0.00;0.00;0.00;0.00;0.00 
777248882;0.00;0.00;0.00;1.20;0.00;0.00;0.00;0.00;0.00 
777248883;0.00;0.00;1.00;1.00;1.00;2.00;0.00;1.83;0.00 
777248884;0.00;0.00;1.95;1.15;1.15;2.00;0.00;3.31;0.00 
777248885;0.00;0.00;1.50;0.00;1.00;1.00;0.00;1.20;0.00 
777248886;0.00;0.00;2.80;2.80;0.00;2.65;0.00;2.65;0.00 
777248898;0.00;0.00;0.00;5.00;0.00;0.00;0.00;0.00;0.00 
777248759;0.00;0.00;1.00;0.00;0.00;0.00;0.00;0.00;0.00 
777248657;0.00;0.00;0.00;2.30;0.00;3.20;0.00;0.00;0.00 
777248254;0.00;0.00;3.20;1.65;1.65;1.45;0.00;0.00;0.00 
777248608;0.00;0.00;0.00;0.00;0.00;2.80;0.00;0.00;0.00 
777248476;0.00;0.00;0.00;2.10;0.00;1.00;0.00;4.95;0.00 
777248557;0.00;0.00;1.50;1.00;1.00;1.00;0.00;1.45;0.00 
777248901;0.00;0.00;0.00;0.00;0.00;0.00;0.00;0.00;0.00 
777248961;0.00;0.00;2.85;2.85;1.85;1.65;0.00;0.00;0.00 
777249033;0.00;0.00;1.45;1.70;1.20;1.00;0.00;1.32;0.00 
777249064;0.00;0.00;3.45;3.45;0.00;0.00;0.00;2.59;0.00 
777249160;0.00;0.00;2.30;2.30;0.00;1.35;0.00;1.35;0.00 
777249240;0.00;0.00;0.00;0.00;0.00;0.00;0.00;0.00;0.00 
777249423;0.00;0.00;0.00;0.00;0.00;0.00;0.00;0.00;0.00 
777249487;0.00;0.00;0.00;3.76;4.10;0.00;0.00;0.00;0.00 
777249393;0.00;0.00;4.25;3.25;3.00;1.93;1.93;2.03;2.03 
777248326;0.00;0.00;4.07;3.56;3.26;3.23;3.51;0.00;0.00 
777249062;0.00;0.00;0.00;0.00;0.00;0.00;0.00;0.00;0.00 
777249522;0.00;0.00;0.00;0.00;2.65;0.00;0.00;0.00;0.00 
777249529;0.00;0.00;0.00;0.00;4.50;0.00;0.00;0.00;0.00 
777248180;0.00;0.00;4.05;2.56;2.45;0.00;0.00;0.00;0.00 
777248571;0.00;0.00;4.25;3.08;2.85;0.00;0.00;0.00;0.00 
777248157;0.00;0.00;2.45;1.80;2.35;0.00;0.00;0.00;0.00 
777248308;0.00;0.00;4.40;3.11;3.15;0.00;0.00;0.00;0.00 
777248569;0.00;0.00;3.90;3.98;3.65;0.00;0.00;0.00;0.00 
777248398;0.00;0.00;3.35;2.58;2.35;0.00;0.00;0.00;0.00 
777248606;0.00;0.00;4.25;4.14;4.60;0.00;0.00;0.00;0.00 
777248012;0.00;0.00;5.00;4.47;4.50;0.00;0.00;0.00;0.00 
777248150;0.00;0.00;3.35;2.40;2.00;0.00;0.00;0.00;0.00 
777248753;0.00;0.00;4.25;3.32;2.85;0.00;0.00;0.00;0.00 
777248081;0.00;0.00;3.45;3.05;4.15;0.00;0.00;0.00;0.00 
777248011;0.00;0.00;3.45;2.58;1.65;0.00;0.00;0.00;0.00 
777248962;0.00;0.00;2.05;1.55;1.55;1.20;0.00;1.71;0.00 
777248963;0.00;0.00;2.05;0.00;0.00;0.00;0.00;0.00;0.00 
777248966;0.00;0.00;0.00;0.00;0.00;0.00;0.00;0.00;0.00 
777248967;0.00;0.00;0.00;0.00;0.00;0.00;0.00;0.00;0.00 
777248968;0.00;0.00;0.00;1.15;0.00;0.00;0.00;0.00;0.00 
777248973;0.00;0.00;3.75;3.15;1.00;1.00;0.00;1.56;0.00 
777248978;0.00;0.00;0.00;0.00;0.00;1.90;0.00;1.90;0.00 
777248975;0.00;0.00;2.05;2.05;0.00;0.00;0.00;0.00;0.00 
777248984;0.00;0.00;1.00;1.00;1.00;5.00;0.00;1.29;0.00 
777248989;0.00;0.00;0.00;0.00;0.00;0.00;0.00;0.00;0.00 
777248990;0.00;0.00;0.00;1.00;1.00;0.00;0.00;1.43;0.00 
777248802;0.00;0.00;1.15;1.15;1.00;1.30;0.00;1.23;0.00 
777249357;0.00;0.00;4.25;4.24;3.96;3.96;3.58;0.00;0.00 
777249363;0.00;0.00;3.55;3.92;3.62;3.62;3.51;0.00;0.00 
777249037;0.00;0.00;0.00;0.00;1.00;0.00;0.00;0.00;0.00 
777249038;0.00;0.00;0.00;2.00;1.10;1.45;0.00;1.25;0.00 
777249040;0.00;0.00;1.85;1.85;0.00;1.15;0.00;2.20;0.00 
777249043;0.00;0.00;4.80;4.80;1.90;4.05;0.00;3.85;0.00 
777249055;0.00;0.00;1.65;0.00;1.45;1.15;0.00;1.71;0.00 
777249054;0.00;0.00;1.00;0.00;1.00;1.00;0.00;1.10;0.00 
777249056;0.00;0.00;2.10;2.10;2.10;1.60;0.00;3.00;0.00 
777249069;0.00;0.00;0.00;1.30;0.00;0.00;0.00;0.00;0.00 
777249063;0.00;0.00;2.05;2.05;2.75;1.00;0.00;1.00;0.00 
777249065;0.00;0.00;0.00;1.00;0.00;0.00;0.00;0.00;0.00 
777249060;0.00;0.00;3.40;3.44;0.00;0.00;0.00;0.00;0.00 
777249465;0.00;0.00;0.00;4.16;4.14;4.14;3.74;0.00;0.00 
777249317;0.00;0.00;3.90;3.50;3.30;1.65;1.65;2.67;2.46 
777248716;0.00;0.00;3.25;1.00;1.95;1.95;1.95;1.35;1.35 
777249221;0.00;0.00;2.65;0.00;0.00;2.00;0.00;3.00;0.00 
777249477;0.00;0.00;0.00;3.76;4.05;0.00;0.00;0.00;0.00 
777249547;0.00;0.00;0.00;0.00;2.05;2.25;0.00;3.37;0.00 
777249330;0.00;0.00;3.66;3.58;3.53;3.53;3.05;0.00;0.00 
777249272;0.00;0.00;5.00;3.80;3.50;1.75;1.75;3.47;3.40 
777249267;0.00;0.00;4.25;4.00;1.85;1.83;1.83;2.57;2.10 
777249273;0.00;0.00;3.90;3.90;3.30;1.95;1.95;2.90;2.46 
777249315;0.00;0.00;3.90;3.90;2.95;2.25;2.25;2.66;2.44 
777249388;0.00;0.00;3.90;3.25;2.95;2.35;2.35;2.85;2.38 
777249418;0.00;0.00;0.00;2.40;3.05;2.25;2.25;0.00;0.00 
777248632;0.00;0.00;3.75;3.40;3.40;3.80;3.00;2.95;2.65 
777249501;0.00;0.00;0.00;3.75;3.75;3.75;3.75;0.00;0.00 
777249042;0.00;0.00;2.50;2.50;2.50;2.10;2.10;0.00;0.00 
777248142;0.00;0.00;4.00;4.00;4.00;4.00;4.00;3.00;2.48 
777249379;0.00;0.00;4.00;4.00;4.00;4.00;2.00;3.50;0.00 
777249502;0.00;0.00;0.00;4.00;4.00;3.70;3.00;4.03;2.65 
777248042;0.00;0.00;4.00;3.70;3.70;4.00;2.60;3.50;2.52 
777248010;0.00;0.00;4.00;4.00;4.00;3.70;3.80;4.00;2.66 
777248650;0.00;0.00;3.70;4.00;4.00;4.00;4.00;4.00;2.47 
777248762;0.00;0.00;3.70;3.70;3.70;3.70;0.00;0.00;0.00 
777248212;0.00;0.00;4.00;4.00;4.00;4.00;3.70;3.70;2.39 
777248322;0.00;0.00;4.00;4.00;4.00;3.70;4.00;3.00;2.42 
777953175;0.00;0.00;4.00;3.70;3.70;3.70;3.70;5.00;0.00 
777248635;0.00;0.00;3.70;4.00;4.00;4.00;0.00;0.00;0.00 
777248593;0.00;0.00;3.70;4.00;4.00;4.00;0.00;0.00;0.00 
777248291;0.00;0.00;4.00;4.00;4.00;4.00;4.00;2.85;2.90 
777248006;0.00;0.00;4.00;4.00;4.00;4.00;4.00;3.00;2.42 
777248086;0.00;0.00;4.00;3.70;3.70;4.00;0.00;0.00;0.00 
777248084;0.00;0.00;4.00;4.00;4.00;3.70;0.00;0.00;0.00 
777248061;0.00;0.00;4.00;2.90;2.65;3.70;3.42;3.50;2.94 
777248445;0.00;0.00;4.00;4.00;4.00;4.00;4.00;3.00;2.45 
777248615;0.00;0.00;3.70;4.00;4.00;2.90;3.85;3.85;2.37 
777248093;0.00;0.00;4.00;4.00;4.00;3.70;0.00;0.00;0.00 
777248728;0.00;0.00;3.70;4.00;4.00;4.00;4.00;0.00;2.06 
777248736;0.00;0.00;3.70;3.70;3.70;4.00;4.30;4.30;2.65 
777248760;0.00;0.00;3.70;4.00;4.00;4.00;4.00;3.70;2.39 
777248565;0.00;0.00;2.90;2.90;2.10;4.00;4.00;3.70;2.90 
777248653;0.00;0.00;3.70;4.00;4.00;4.00;0.00;0.00;0.00 
777248704;0.00;0.00;3.70;4.00;4.00;3.70;4.00;3.00;2.49 
777248644;0.00;0.00;3.70;4.00;4.00;4.70;4.00;4.00;2.47 
777248371;0.00;0.00;4.00;3.70;3.70;3.70;4.00;4.00;2.50 
777248668;0.00;0.00;3.70;4.00;4.00;4.00;4.00;0.00;2.39 
777248078;0.00;0.00;4.00;3.70;3.70;4.00;3.55;3.00;2.91 
777248436;0.00;0.00;4.00;2.90;3.60;3.70;3.70;4.28;2.87 
777248085;0.00;0.00;4.00;2.90;2.90;2.45;3.00;3.50;2.61 
777248088;0.00;0.00;4.00;2.90;4.55;3.70;3.55;3.50;3.18 
777248860;0.00;0.00;3.70;2.90;2.95;2.90;4.00;4.00;2.73 
777248852;0.00;0.00;4.00;2.90;2.90;2.90;3.45;3.45;2.65 
777248891;0.00;0.00;4.00;2.90;2.90;3.70;3.00;3.50;2.86 
777248902;0.00;0.00;4.00;2.90;2.45;3.70;1.50;3.00;2.61 
777248906;0.00;0.00;3.70;0.00;4.70;4.00;0.00;0.00;0.00 
777248930;0.00;0.00;4.00;3.70;3.70;1.45;2.36;3.00;2.58 
777248929;0.00;0.00;2.90;4.00;4.00;3.45;0.00;0.00;0.00 
777248941;0.00;0.00;3.70;4.00;4.00;3.70;0.00;0.00;0.00 
777248977;0.00;0.00;4.00;3.70;3.70;4.00;3.80;3.80;2.42 
777248991;0.00;0.00;3.70;3.70;3.70;4.00;0.00;0.00;0.00 
777249020;0.00;0.00;2.90;3.70;3.70;4.00;0.00;0.00;0.00 
777249026;0.00;0.00;3.70;4.00;4.00;2.35;4.00;3.00;2.26 
777249030;0.00;0.00;2.90;2.90;2.20;2.65;4.58;4.00;3.10 
777248589;0.00;0.00;4.00;4.00;4.00;3.60;2.45;2.45;2.62 
777249051;0.00;0.00;4.00;3.70;4.00;4.00;4.00;4.00;2.45 
777249130;0.00;0.00;4.00;3.70;3.70;3.85;3.30;3.50;2.78 
777249131;0.00;0.00;3.70;4.00;4.00;4.00;4.00;3.50;2.64 
777249121;0.00;0.00;3.70;0.00;4.00;4.00;0.00;0.00;0.00 
777249089;0.00;0.00;4.00;3.70;3.85;4.00;2.80;3.00;2.40 
777248953;0.00;0.00;1.00;2.75;1.65;1.90;0.00;1.78;0.00 
777249285;0.00;0.00;0.00;1.55;1.55;1.75;0.00;4.32;0.00 
777248385;0.00;0.00;1.20;0.00;1.20;0.00;0.00;1.78;0.00 
777248943;0.00;0.00;2.00;2.12;1.00;1.50;0.00;1.40;0.00 
777249199;0.00;0.00;3.40;3.40;3.70;2.68;0.00;2.36;0.00 
777249282;0.00;0.00;1.70;1.70;0.00;1.55;0.00;1.51;0.00 
777249600;0.00;0.00;0.00;0.00;0.00;0.00;4.80;3.58;3.36 
777249460;0.00;0.00;0.00;4.16;2.70;0.00;0.00;0.00;0.00 
777249439;0.00;0.00;4.25;3.72;2.80;0.00;0.00;0.00;0.00 
777249440;0.00;0.00;3.05;2.95;3.20;0.00;0.00;0.00;0.00 
777249455;0.00;0.00;0.00;2.72;3.25;0.00;0.00;0.00;0.00 
777249438;0.00;0.00;3.80;3.28;3.15;0.00;0.00;0.00;0.00 
777249475;0.00;0.00;0.00;2.50;3.40;0.00;0.00;0.00;0.00 
777249003;0.00;0.00;1.80;1.80;1.80;1.00;0.00;1.13;0.00 
777249004;0.00;0.00;0.00;0.00;0.00;0.00;0.00;0.00;0.00 
777249006;0.00;0.00;0.00;0.00;0.00;1.25;0.00;1.51;0.00 
777249007;0.00;0.00;0.00;2.35;1.30;2.40;0.00;2.85;0.00 
777249009;0.00;0.00;3.25;3.27;2.20;0.00;0.00;2.75;0.00 
777249012;0.00;0.00;0.00;0.00;3.20;2.80;0.00;2.47;0.00 
777249017;0.00;0.00;0.00;0.00;0.00;0.00;0.00;0.00;0.00 
777249016;0.00;0.00;3.30;3.20;3.20;2.25;0.00;2.98;0.00 
777249015;0.00;0.00;0.00;0.00;1.00;2.65;0.00;2.75;0.00 
777249019;0.00;0.00;0.00;0.00;0.00;0.00;0.00;0.00;0.00 
777249021;0.00;0.00;2.65;1.50;1.50;1.45;0.00;1.28;0.00 
777249531;0.00;0.00;0.00;0.00;4.00;4.00;4.00;3.00;2.26 
777248275;0.00;0.00;4.00;4.00;4.00;4.00;0.00;0.00;0.00 
777248599;0.00;0.00;3.70;3.70;3.70;4.00;4.00;4.00;2.87 
777248411;0.00;0.00;4.00;4.00;4.00;4.00;3.70;3.00;1.73 
777249238;0.00;0.00;0.00;1.25;0.00;0.00;0.00;0.00;0.00 
777249241;0.00;0.00;0.00;0.00;0.00;2.00;0.00;0.00;0.00 
777249242;0.00;0.00;1.00;1.15;2.30;1.35;0.00;1.91;0.00 
777249249;0.00;0.00;0.00;0.00;0.00;0.00;0.00;0.00;0.00 
777249250;0.00;0.00;0.00;1.20;2.90;2.90;0.00;2.80;0.00 
777249255;0.00;0.00;0.00;0.00;0.00;0.00;0.00;0.00;0.00 
777249264;0.00;0.00;1.45;0.00;1.55;4.00;0.00;2.00;0.00 
777249263;0.00;0.00;0.00;1.85;1.15;0.00;0.00;2.59;0.00 
777249281;0.00;0.00;0.00;0.00;1.55;0.00;0.00;0.00;0.00 
777249276;0.00;0.00;0.00;0.00;1.80;0.00;0.00;0.00;0.00 
777249286;0.00;0.00;1.30;1.30;1.75;1.00;0.00;1.25;0.00 
777249284;0.00;0.00;1.00;1.00;1.00;0.00;0.00;0.00;0.00 
777249401;0.00;0.00;1.25;2.45;1.35;2.00;0.00;1.00;0.00 
777249407;0.00;0.00;3.70;4.00;4.00;4.00;4.00;0.00;0.00 
777249071;0.00;0.00;0.00;0.00;2.50;0.00;0.00;1.61;0.00 
777249073;0.00;0.00;2.60;2.60;1.00;0.00;0.00;0.00;0.00 
777249079;0.00;0.00;0.00;0.00;1.00;1.00;0.00;1.23;0.00 
777249080;0.00;0.00;0.00;1.35;1.15;2.80;0.00;2.68;0.00 
777249078;0.00;0.00;3.95;3.95;0.00;0.00;0.00;0.00;0.00 
777249088;0.00;0.00;3.25;0.00;1.15;1.55;0.00;1.88;0.00 
777249094;0.00;0.00;0.00;0.00;1.00;3.00;0.00;3.25;0.00 
777249093;0.00;0.00;3.60;0.00;1.10;3.00;0.00;1.03;0.00 
777249092;0.00;0.00;1.95;1.75;2.15;1.00;0.00;1.10;0.00 
777249091;0.00;0.00;0.00;1.65;1.15;2.00;0.00;2.43;0.00 
777249105;0.00;0.00;0.00;0.00;0.00;1.30;0.00;1.95;0.00 
777249274;0.00;0.00;3.70;4.00;4.00;4.00;3.55;4.07;2.94 
777249500;0.00;0.00;0.00;4.00;4.00;4.00;4.00;0.00;2.41 
777249525;0.00;0.00;0.00;4.00;4.00;4.00;4.00;4.00;2.63 
777248203;0.00;0.00;0.00;0.00;3.90;2.69;0.00;3.68;0.00 
777248402;0.00;0.00;1.00;0.00;1.10;2.15;0.00;2.48;0.00 
777953294;0.00;0.00;1.60;1.85;1.85;1.45;0.00;1.58;0.00 
777248790;0.00;0.00;0.00;0.00;0.00;0.00;0.00;0.00;0.00 
777248184;0.00;0.00;2.60;2.60;2.25;0.00;0.00;0.00;0.00 
777248151;0.00;0.00;2.75;2.75;2.75;3.00;0.00;0.00;0.00 
777248245;0.00;0.00;2.25;2.25;1.30;0.00;0.00;0.00;0.00 
777248285;0.00;0.00;0.00;0.00;0.00;0.00;0.00;0.00;0.00 
777248452;0.00;0.00;1.95;0.00;0.00;0.00;0.00;0.00;0.00 
777248487;0.00;0.00;1.75;1.75;1.75;2.70;0.00;2.55;0.00 
777248789;0.00;0.00;0.00;0.00;0.00;0.00;0.00;0.00;0.00 
777248147;0.00;0.00;0.00;1.00;1.75;0.00;0.00;0.00;0.00 
777248706;0.00;0.00;2.25;2.15;2.25;1.40;0.00;1.15;0.00 
777248034;0.00;0.00;1.00;0.00;1.70;1.00;0.00;1.00;0.00 
777248523;0.00;0.00;0.00;0.00;0.00;0.00;0.00;0.00;0.00 
777248629;0.00;0.00;2.15;1.25;0.00;1.25;0.00;2.08;0.00 
777248047;0.00;0.00;3.10;3.10;3.10;1.60;0.00;3.06;0.00 
777249247;0.00;0.00;4.00;3.70;3.70;4.00;2.80;3.50;2.71 
777248301;0.00;0.00;1.30;0.00;0.00;2.45;0.00;0.00;0.00 
777248112;0.00;0.00;1.75;0.00;1.25;0.00;0.00;0.00;0.00 
777248225;0.00;0.00;2.75;2.75;2.40;0.00;0.00;0.00;0.00 
777248581;0.00;0.00;0.00;0.00;1.20;1.00;0.00;1.97;0.00 
777248169;0.00;0.00;2.30;2.30;1.00;0.00;0.00;0.00;0.00 
777248338;0.00;0.00;2.75;2.95;1.50;1.40;0.00;1.61;0.00 
777248407;0.00;0.00;0.00;0.00;2.65;1.00;0.00;1.00;0.00 
777248666;0.00;0.00;0.00;0.00;0.00;0.00;0.00;0.00;0.00 
777248082;0.00;0.00;3.25;2.05;1.85;1.60;0.00;4.32;0.00 
777248474;0.00;0.00;1.65;1.65;1.15;1.25;0.00;1.42;0.00 
777248350;0.00;0.00;3.55;0.00;0.00;0.00;0.00;0.00;0.00 
777248611;0.00;0.00;0.00;0.00;0.00;0.00;0.00;0.00;0.00 
777248007;0.00;0.00;0.00;1.00;1.60;0.00;0.00;0.00;0.00 
777953301;0.00;0.00;1.50;0.00;1.50;0.00;0.00;0.00;0.00 
777249572;0.00;0.00;0.00;0.00;3.85;3.45;2.35;2.35;0.00 
777248283;0.00;0.00;0.00;0.00;3.20;0.00;0.00;0.00;0.00 
777248298;0.00;0.00;0.00;1.00;1.00;0.00;0.00;0.00;0.00 
777248421;0.00;0.00;1.70;5.00;1.25;2.05;0.00;2.73;0.00 
777248623;0.00;0.00;1.85;1.85;1.55;1.00;0.00;0.00;0.00 
777248769;0.00;0.00;0.00;2.30;1.00;0.00;0.00;0.00;0.00 
777248192;0.00;0.00;0.00;2.65;0.00;0.00;0.00;0.00;0.00 
777248648;0.00;0.00;1.00;1.00;1.00;1.00;0.00;4.33;0.00 
777248258;0.00;0.00;3.45;0.00;0.00;0.00;0.00;0.00;0.00 
777248640;0.00;0.00;0.00;2.70;0.00;2.00;0.00;2.00;0.00 
777248343;0.00;0.00;1.80;4.02;1.60;1.00;0.00;1.00;0.00 
777248070;0.00;0.00;0.00;2.65;0.00;0.00;0.00;0.00;0.00 
777248051;0.00;0.00;0.00;3.35;3.75;1.40;0.00;0.00;0.00 
777248419;0.00;0.00;1.45;1.00;1.00;1.25;0.00;1.22;0.00 
777248887;0.00;0.00;3.65;3.65;3.65;3.40;2.70;2.70;0.00 
777249486;0.00;0.00;0.00;4.75;4.35;4.15;3.25;0.00;0.00 
777248800;0.00;0.00;0.00;0.00;0.00;4.30;0.00;4.32;0.00 
777248381;0.00;0.00;3.00;1.75;1.75;1.45;0.00;1.52;0.00 
777248811;0.00;0.00;1.85;1.85;1.50;1.00;0.00;1.08;0.00 
777248731;0.00;0.00;2.55;0.00;2.55;2.65;0.00;2.63;0.00 
777248005;0.00;0.00;0.00;0.00;0.00;0.00;0.00;0.00;0.00 
777248036;0.00;0.00;0.00;0.00;0.00;0.00;0.00;0.00;0.00 
777248063;0.00;0.00;2.65;0.00;1.00;1.00;0.00;1.03;0.00 
777248810;0.00;0.00;2.15;2.15;1.50;1.00;0.00;2.00;0.00 
777248837;0.00;0.00;0.00;0.00;0.00;0.00;0.00;0.00;0.00 
777248695;0.00;0.00;0.00;0.00;0.00;0.00;0.00;0.00;0.00 
777248092;0.00;0.00;0.00;0.00;0.00;0.00;0.00;0.00;0.00 
777248108;0.00;0.00;2.45;2.47;1.45;2.40;0.00;3.02;0.00 
777248336;0.00;0.00;0.00;1.10;1.15;0.00;0.00;1.57;0.00 
777248757;0.00;0.00;2.70;1.00;3.25;1.85;1.85;1.35;0.00 
777248390;0.00;0.00;2.55;1.60;2.65;2.25;2.25;1.55;2.15 
777248986;0.00;0.00;3.95;3.95;3.95;2.25;3.10;0.00;0.00 
777249603;0.00;0.00;0.00;0.00;0.00;3.05;3.35;0.00;0.00 
777248228;0.00;0.00;0.00;0.00;0.00;0.00;0.00;0.00;0.00 
777248627;0.00;0.00;0.00;0.00;1.35;1.40;0.00;2.00;0.00 
777248231;0.00;0.00;0.00;2.35;0.00;0.00;0.00;0.00;0.00 
777248358;0.00;0.00;0.00;1.00;0.00;0.00;0.00;0.00;0.00 
777248825;0.00;0.00;2.75;2.75;3.80;1.35;0.00;2.14;0.00 
777248775;0.00;0.00;3.40;3.40;1.30;2.00;0.00;1.00;0.00 
777248450;0.00;0.00;1.85;1.95;2.15;1.50;0.00;0.00;0.00 
777248547;0.00;0.00;1.85;1.85;1.85;4.20;0.00;4.33;0.00 
777248017;0.00;0.00;0.00;1.40;1.20;0.00;0.00;0.00;0.00 
777248323;0.00;0.00;3.45;0.00;2.25;1.00;0.00;2.13;0.00 
777248189;0.00;0.00;0.00;3.20;1.00;2.85;0.00;2.75;0.00 
777248532;0.00;0.00;0.00;0.00;0.00;0.00;0.00;0.00;0.00 
777249387;0.00;0.00;3.90;3.90;3.30;1.85;1.85;2.86;2.46 
777248175;0.00;0.00;2.75;1.70;2.25;2.25;2.25;1.15;1.35 
777248680;0.00;0.00;0.00;2.30;1.25;0.00;0.00;2.75;0.00 
777248524;0.00;0.00;2.00;0.00;0.00;0.00;0.00;0.00;0.00 
777248822;0.00;0.00;0.00;1.80;0.00;4.40;0.00;0.00;0.00 
777248003;0.00;0.00;2.90;0.00;0.00;0.00;0.00;2.60;0.00 
777248154;0.00;0.00;0.00;0.00;0.00;0.00;0.00;0.00;0.00 
777248737;0.00;0.00;2.25;1.55;1.55;2.25;0.00;3.30;0.00 
777248403;0.00;0.00;0.00;0.00;0.00;2.25;0.00;2.98;0.00 
777248396;0.00;0.00;1.00;0.00;2.40;3.60;0.00;0.00;0.00 
777248698;0.00;0.00;1.00;1.00;1.00;1.50;0.00;4.09;0.00 
777248183;0.00;0.00;0.00;0.00;0.00;0.00;0.00;0.00;0.00 
777248235;0.00;0.00;0.00;3.80;1.20;0.00;0.00;2.15;0.00 
777248032;0.00;0.00;0.00;0.00;0.00;2.85;0.00;2.83;0.00 
777248505;0.00;0.00;0.00;0.00;0.00;0.00;0.00;0.00;0.00 
777249266;0.00;0.00;3.40;3.20;2.85;2.25;2.25;2.64;2.46 
777249421;0.00;0.00;0.00;0.00;0.00;4.19;0.00;4.30;0.00 
777249433;0.00;0.00;0.00;1.50;1.50;1.00;0.00;1.66;0.00 
777249431;0.00;0.00;0.00;3.55;1.00;0.00;0.00;2.48;0.00 
777249422;0.00;0.00;0.00;0.00;3.20;3.05;0.00;2.58;0.00 
777249424;0.00;0.00;0.00;3.25;2.85;1.10;0.00;1.75;0.00 
777249442;0.00;0.00;0.00;1.00;1.50;0.00;0.00;1.63;0.00 
777249437;0.00;0.00;0.00;2.75;1.30;2.00;0.00;1.00;0.00 
777249445;0.00;0.00;0.00;1.70;1.30;1.60;0.00;1.46;0.00 
777249450;0.00;0.00;0.00;1.70;1.70;1.40;0.00;1.40;0.00 
777249441;0.00;0.00;0.00;0.00;0.00;0.00;0.00;0.00;0.00 
777249451;0.00;0.00;0.00;1.25;1.35;2.00;0.00;1.00;0.00 
777249426;0.00;0.00;0.00;1.25;2.25;2.00;0.00;1.00;0.00 
777249425;0.00;0.00;0.00;1.25;0.00;2.00;0.00;1.00;0.00 
777249446;0.00;0.00;0.00;1.85;0.00;0.00;0.00;0.00;0.00 
777249472;0.00;0.00;0.00;1.30;1.00;1.15;0.00;1.10;0.00 
777249480;0.00;0.00;0.00;0.00;0.00;1.00;0.00;1.00;0.00 
777249364;0.00;0.00;3.70;3.67;3.62;3.62;3.63;0.00;0.00 
777249365;0.00;0.00;3.75;3.72;3.67;3.67;3.62;0.00;0.00 
777249367;0.00;0.00;3.70;3.62;3.57;3.57;3.56;0.00;0.00 
777248899;0.00;0.00;0.00;0.00;0.00;0.00;0.00;0.00;0.00 
777248910;0.00;0.00;0.00;0.00;0.00;0.00;0.00;0.00;0.00 
777248912;0.00;0.00;0.00;4.10;3.95;0.00;0.00;0.00;0.00 
777248939;0.00;0.00;0.00;0.00;0.00;0.00;0.00;0.00;0.00 
777248940;0.00;0.00;0.00;0.00;1.30;2.65;0.00;2.63;0.00 
777248937;0.00;0.00;2.85;0.00;0.00;0.00;0.00;0.00;0.00 
777248936;0.00;0.00;2.65;1.45;1.00;2.90;0.00;3.00;0.00 
777248947;0.00;0.00;0.00;2.80;2.80;1.15;0.00;2.54;0.00 
777248946;0.00;0.00;1.50;1.50;1.50;1.00;0.00;1.67;0.00 
777248952;0.00;0.00;0.00;0.00;0.00;0.00;0.00;0.00;0.00 
777249358;0.00;0.00;3.70;3.65;3.63;3.63;3.57;0.00;0.00 
777249323;0.00;0.00;3.34;3.29;3.29;3.19;2.74;0.00;0.00 
777249324;0.00;0.00;3.54;3.37;3.31;3.31;2.99;0.00;0.00 
777249032;0.00;0.00;2.00;0.00;1.00;1.50;0.00;1.47;0.00 
777249118;0.00;0.00;1.35;1.35;0.00;0.00;0.00;0.00;0.00 
777249170;0.00;0.00;3.15;3.15;1.00;1.25;0.00;1.32;0.00 
777249172;0.00;0.00;0.00;0.00;0.00;0.00;0.00;0.00;0.00 
777249173;0.00;0.00;1.00;0.00;1.15;2.90;0.00;2.75;0.00 
777249180;0.00;0.00;3.05;1.65;1.35;1.55;0.00;1.78;0.00 
777249194;0.00;0.00;0.00;0.00;0.00;0.00;0.00;0.00;0.00 
777248468;0.00;0.00;1.00;1.00;1.00;1.00;0.00;1.18;0.00 
777249205;0.00;0.00;0.00;0.00;0.00;1.00;0.00;1.55;0.00 
777249208;0.00;0.00;0.00;0.00;4.80;2.25;0.00;2.25;0.00 
777249204;0.00;0.00;1.95;0.00;0.00;1.00;0.00;1.05;0.00 
777249206;0.00;0.00;1.85;2.05;1.70;1.30;0.00;1.51;0.00 
777249326;0.00;0.00;3.59;3.43;3.52;3.49;3.51;0.00;0.00 
777249327;0.00;0.00;3.61;3.41;3.50;3.50;0.00;0.00;0.00 
777249328;0.00;0.00;3.61;3.41;3.49;3.49;2.58;0.00;0.00 
777249116;0.00;0.00;0.00;0.00;2.60;0.00;0.00;0.00;0.00 
777249117;0.00;0.00;0.00;3.15;1.35;0.00;0.00;1.00;0.00 
777249115;0.00;0.00;0.00;3.90;0.00;2.20;0.00;2.73;0.00 
777249126;0.00;0.00;2.45;1.20;3.20;2.95;0.00;2.70;0.00 
777249137;0.00;0.00;1.00;2.35;2.05;1.50;0.00;1.47;0.00 
777249141;0.00;0.00;0.00;0.00;0.00;0.00;0.00;0.00;0.00 
777249142;0.00;0.00;0.00;0.00;0.00;0.00;0.00;0.00;0.00 
777249144;0.00;0.00;1.35;1.35;2.90;2.55;0.00;0.00;0.00 
777249140;0.00;0.00;0.00;0.00;2.10;0.00;0.00;2.75;0.00 
777249135;0.00;0.00;0.00;1.15;0.00;0.00;0.00;0.00;0.00 
777249139;0.00;0.00;0.00;1.00;0.00;0.00;0.00;0.00;0.00 
777249149;0.00;0.00;2.85;0.00;2.25;1.60;0.00;1.97;0.00 
777249158;0.00;0.00;0.00;3.40;2.75;2.00;0.00;1.00;0.00 
777249159;0.00;0.00;2.45;1.70;1.50;2.80;0.00;2.53;0.00 
777249400;0.00;0.00;3.75;3.45;3.00;1.75;1.75;1.75;1.75 
777249452;0.00;0.00;0.00;3.37;3.37;3.37;0.00;0.00;0.00 
777249419;0.00;0.00;0.00;3.90;3.35;2.25;2.25;2.95;2.05 
777248598;0.00;0.00;2.95;1.70;1.70;2.35;2.35;1.55;0.00 
777248178;0.00;0.00;3.05;1.70;2.25;2.25;2.40;1.95;1.85 
777249404;0.00;0.00;0.00;1.80;1.80;0.00;0.00;0.00;0.00 
777249405;0.00;0.00;0.00;1.80;1.80;1.80;1.80;1.80;0.00 
777248700;0.00;0.00;1.45;1.25;1.15;2.00;2.75;0.00;0.00 
777248074;0.00;0.00;2.00;1.40;1.20;2.85;0.00;0.00;0.00 
777248614;0.00;0.00;2.95;2.50;1.00;2.00;0.00;0.00;0.00 
777248703;0.00;0.00;4.25;4.25;3.80;3.90;2.45;2.45;0.00 
777248858;0.00;0.00;4.15;4.01;4.01;2.30;3.20;2.95;0.00 
777249506;0.00;0.00;0.00;0.00;4.00;3.70;4.00;4.00;2.85 
777249532;0.00;0.00;0.00;0.00;0.00;4.00;4.00;3.00;2.48 
777951708;0.00;0.00;4.00;1.70;1.45;4.00;3.30;3.30;3.40 
777951710;0.00;0.00;4.00;2.50;2.05;4.00;3.50;3.00;3.69 
777248214;0.00;0.00;4.00;4.00;4.00;3.70;4.00;2.35;2.19 
777248645;0.00;0.00;3.70;4.00;4.00;4.00;0.00;0.00;0.00 
777248539;0.00;0.00;2.90;4.00;4.00;3.70;4.00;4.00;2.59 
777248564;0.00;0.00;2.90;3.70;3.70;3.60;4.00;3.50;2.68 
777248056;0.00;0.00;0.00;0.00;0.00;0.00;0.00;0.00;0.00 
777248462;0.00;0.00;4.00;3.70;3.70;4.00;4.00;3.50;2.60 
777248730;0.00;0.00;3.70;4.00;4.00;4.00;4.00;4.00;2.06 
777248166;0.00;0.00;4.00;4.00;4.00;4.00;0.00;0.00;0.00 
777248069;0.00;0.00;0.00;0.00;0.00;4.00;0.00;0.00;0.00 
777248224;0.00;0.00;4.00;4.00;4.00;4.00;0.00;0.00;0.00 
777248646;0.00;0.00;3.70;4.00;4.00;4.00;0.00;0.00;0.00 
777248173;0.00;0.00;4.00;3.70;3.70;2.90;3.70;3.50;3.13 
777248211;0.00;0.00;4.00;4.00;4.00;4.00;3.70;3.70;2.29 
777248567;0.00;0.00;2.90;2.90;2.90;3.65;4.34;3.80;3.26 
777248746;0.00;0.00;3.70;4.00;4.00;4.00;4.00;0.00;2.74 
777248165;0.00;0.00;4.00;4.00;4.00;3.70;0.00;0.00;0.00 
777248376;0.00;0.00;4.00;4.00;4.00;4.00;0.00;0.00;0.00 
777248482;0.00;0.00;2.50;4.00;4.00;2.10;3.55;3.55;2.52 
777248636;0.00;0.00;3.70;4.00;4.00;4.55;4.00;4.00;2.73 
777248191;0.00;0.00;4.00;3.70;4.00;4.00;4.00;4.00;2.68 
777248362;0.00;0.00;0.00;0.00;4.00;4.00;0.00;0.00;0.00 
777248434;0.00;0.00;4.00;4.00;3.55;4.00;4.00;4.00;2.32 
777248472;0.00;0.00;2.50;4.00;4.00;4.00;4.00;3.00;2.31 
777248089;0.00;0.00;4.00;4.00;4.00;4.00;0.00;0.00;0.00 
777248823;0.00;0.00;3.70;3.70;4.00;2.90;3.80;3.80;2.59 
777248566;0.00;0.00;2.90;4.00;4.00;4.00;3.00;4.00;0.00 
777248739;0.00;0.00;3.70;4.00;4.00;4.00;4.00;3.00;2.46 
777951707;0.00;0.00;2.90;2.90;2.90;4.00;4.00;3.00;2.57 
777248065;0.00;0.00;4.00;4.00;4.00;4.00;2.85;3.50;2.42 
777248694;0.00;0.00;3.70;3.70;3.70;3.85;3.50;3.50;2.53 
777248073;0.00;0.00;4.00;3.70;3.70;2.05;4.84;3.50;2.64 
777953176;0.00;0.00;4.00;2.90;2.90;3.70;3.00;5.00;2.43 
777248174;0.00;0.00;4.00;4.00;4.00;4.00;0.00;0.00;0.00 
777248193;0.00;0.00;4.00;4.00;4.00;2.20;3.45;0.00;2.28 
777248770;0.00;0.00;2.25;3.05;1.95;1.90;0.00;1.83;0.00 
777248176;0.00;0.00;0.00;2.90;0.00;0.00;0.00;0.00;0.00 
777248391;0.00;0.00;0.00;2.90;1.45;1.45;0.00;1.86;0.00 
777248658;0.00;0.00;0.00;0.00;0.00;0.00;0.00;0.00;0.00 
777248633;0.00;0.00;2.70;2.05;1.50;1.00;0.00;1.00;0.00 
777248388;0.00;0.00;1.80;0.00;1.00;0.00;0.00;0.00;0.00 
777248713;0.00;0.00;5.00;0.00;0.00;0.00;0.00;1.05;0.00 
777248060;0.00;0.00;2.45;1.00;1.15;2.90;0.00;2.55;0.00 
777248573;0.00;0.00;0.00;0.00;0.00;0.00;0.00;0.00;0.00 
777248563;0.00;0.00;1.00;1.00;1.00;1.00;0.00;2.00;0.00 
777248665;0.00;0.00;1.25;1.25;1.75;1.65;0.00;1.34;0.00 
777248294;0.00;0.00;1.00;0.00;1.00;1.00;0.00;2.00;0.00 
777953214;0.00;0.00;1.00;1.50;1.00;1.25;0.00;1.20;0.00 
777248718;0.00;0.00;0.00;2.35;0.00;0.00;0.00;1.92;0.00 
777249585;0.00;0.00;0.00;0.00;0.00;1.75;1.75;1.78;1.78 
777248318;0.00;0.00;3.65;2.87;2.87;2.00;2.00;1.91;2.89 
777249129;0.00;0.00;4.00;3.70;3.50;4.00;4.00;3.00;2.57 
777249147;0.00;0.00;3.70;2.90;2.90;4.00;3.45;3.00;2.91 
777249155;0.00;0.00;3.70;4.00;4.00;2.90;0.00;0.00;0.00 
777249166;0.00;0.00;4.00;3.70;3.70;4.00;4.00;3.00;2.07 
777248980;0.00;0.00;3.70;2.90;2.35;4.00;3.27;3.50;3.17 
777249174;0.00;0.00;3.70;3.70;3.70;4.00;4.00;3.00;2.41 
777249188;0.00;0.00;1.70;4.00;4.00;3.70;0.00;0.00;0.00 
777249189;0.00;0.00;2.90;4.00;4.00;3.55;0.00;0.00;0.00 
777249213;0.00;0.00;4.00;4.00;4.00;3.50;3.70;3.00;2.35 
777249217;0.00;0.00;4.00;4.00;4.00;2.90;0.00;0.00;0.00 
777249218;0.00;0.00;3.70;4.00;4.00;4.00;4.00;4.00;2.36 
777249230;0.00;0.00;3.70;3.70;4.00;4.00;4.00;3.00;2.48 
777249229;0.00;0.00;3.70;4.00;3.45;4.00;4.00;0.00;2.06 
777249246;0.00;0.00;4.00;4.00;3.85;3.70;2.70;3.00;2.36 
777249257;0.00;0.00;4.00;4.00;4.00;4.00;0.00;0.00;0.00 
777249292;0.00;0.00;3.70;4.00;4.00;4.00;4.00;3.00;2.37 
777248045;0.00;0.00;4.00;4.00;4.00;4.00;3.00;3.00;2.25 
777249427;0.00;0.00;4.75;3.40;3.20;1.80;1.00;4.15;0.00 
777249258;0.00;0.00;4.00;3.70;3.70;3.70;4.00;3.00;2.40 
777249332;0.00;0.00;3.30;3.30;2.80;3.30;1.00;2.15;0.00 
777249473;0.00;0.00;0.00;2.75;2.75;2.80;1.35;2.75;0.00 
777249491;0.00;0.00;0.00;2.25;1.55;3.60;1.00;2.60;0.00 
777249495;0.00;0.00;0.00;1.45;3.50;3.00;1.00;3.75;0.00 
777249514;0.00;0.00;0.00;0.00;4.20;3.00;2.00;4.35;0.00 
777249562;0.00;0.00;0.00;0.00;3.15;3.60;2.00;4.35;0.00 
777248600;0.00;0.00;1.85;1.85;3.80;3.80;4.50;1.20;0.00 
777248064;0.00;0.00;4.75;3.25;3.85;1.60;1.00;2.55;0.00 
777248920;0.00;0.00;3.65;3.65;3.60;3.00;1.80;4.15;0.00 
777248806;0.00;0.00;4.85;4.85;4.85;0.00;0.00;0.00;0.00 
777248779;0.00;0.00;0.00;0.00;0.00;0.00;0.00;0.00;0.00 
777248750;0.00;0.00;0.00;0.00;0.00;0.00;0.00;0.00;0.00 
777248808;0.00;0.00;2.00;2.00;4.10;3.00;2.75;1.75;0.00 
777248024;0.00;0.00;3.35;3.35;3.70;3.00;2.85;2.85;0.00 
777248117;0.00;0.00;4.45;4.45;3.80;0.00;0.00;0.00;0.00 
777248895;0.00;0.00;4.75;3.35;3.35;3.35;3.00;4.05;0.00 
777248921;0.00;0.00;4.40;3.40;3.80;3.40;1.25;5.00;0.00 
777248919;0.00;0.00;3.35;3.35;3.80;3.35;2.60;2.85;0.00 
777248932;0.00;0.00;3.85;3.85;1.55;3.60;1.00;3.95;0.00 
777248918;0.00;0.00;4.75;3.20;3.05;0.00;1.25;1.95;0.00 
777248916;0.00;0.00;3.85;3.85;1.35;3.60;1.00;2.75;0.00 
777248508;0.00;0.00;2.70;2.70;4.10;0.00;0.00;0.00;0.00 
777248922;0.00;0.00;3.10;3.00;3.80;3.60;3.00;2.85;0.00 
777248642;0.00;0.00;0.00;0.00;0.00;0.00;0.00;0.00;0.00 
777248970;0.00;0.00;3.85;3.85;3.70;0.00;0.00;0.00;0.00 
777248273;0.00;0.00;3.95;3.70;3.17;3.00;3.00;3.00;0.00 
777249098;0.00;0.00;3.05;3.05;4.10;2.20;1.00;2.15;0.00 
777249097;0.00;0.00;2.95;2.95;2.60;3.00;1.00;2.75;0.00 
777248847;0.00;0.00;2.35;2.35;4.10;3.60;1.00;4.80;0.00 
777249233;0.00;0.00;3.20;3.20;2.80;1.80;1.80;2.75;0.00 
777249234;0.00;0.00;3.40;3.40;4.20;3.00;2.60;2.85;0.00 
777249300;0.00;0.00;3.30;3.30;3.70;3.00;1.00;2.85;0.00 
777249302;0.00;0.00;3.05;3.05;4.15;0.00;0.00;0.00;0.00 
777249303;0.00;0.00;3.10;3.10;2.65;3.60;2.60;2.55;0.00 
777249215;0.00;0.00;3.65;3.65;3.50;2.20;1.00;3.95;0.00 
777249304;0.00;0.00;2.35;2.35;2.80;3.00;1.00;4.80;0.00 
777249305;0.00;0.00;2.45;2.45;2.75;2.00;1.25;1.95;0.00 
777249290;0.00;0.00;1.40;1.40;4.10;2.20;0.00;0.00;0.00 
777249306;0.00;0.00;2.50;2.50;3.70;1.00;0.00;0.00;0.00 
777249309;0.00;0.00;0.00;0.00;0.00;0.00;0.00;0.00;0.00 
777249310;0.00;0.00;3.00;3.00;3.25;0.00;0.00;0.00;0.00 
777248518;0.00;0.00;1.00;1.00;1.00;1.80;2.03;1.00;0.00 
777249349;0.00;0.00;4.02;4.02;4.02;3.00;4.00;3.00;0.00 
777248638;0.00;0.00;4.35;4.53;3.17;2.00;2.00;2.00;0.00 
777249214;0.00;0.00;4.75;3.40;2.80;3.00;1.00;2.75;0.00 
777248013;0.00;0.00;3.70;3.74;2.77;2.00;2.00;3.00;0.00 
777248351;0.00;0.00;4.25;4.25;2.77;3.00;3.00;2.00;0.00 
777248958;0.00;0.00;3.85;3.85;3.30;3.00;3.00;3.00;0.00 
777249417;0.00;0.00;4.35;3.70;2.96;3.00;3.00;3.00;0.00 
777249280;0.00;0.00;4.05;3.34;4.26;0.00;0.00;1.80;0.00 
777249333;0.00;0.00;0.00;0.00;0.00;0.00;0.00;0.00;0.00 
777249339;0.00;0.00;4.05;3.70;3.03;2.00;2.00;2.00;0.00 
777249351;0.00;0.00;4.05;3.70;3.04;3.00;3.00;3.00;0.00 
777249350;0.00;0.00;4.05;3.70;3.05;4.00;4.00;4.00;0.00 
777249371;0.00;0.00;4.05;3.70;3.29;3.00;3.00;0.00;0.00 
777248778;0.00;0.00;0.00;0.00;0.00;0.00;0.00;0.00;0.00 
777249466;0.00;0.00;0.00;2.15;2.80;2.00;3.18;2.00;0.00 
777248542;0.00;0.00;4.00;4.00;4.00;0.00;0.00;0.00;0.00 
777248299;0.00;0.00;5.00;5.00;2.00;0.00;3.00;2.00;0.00 
777249148;0.00;0.00;2.42;2.30;2.27;2.24;2.20;2.20;0.00 
777249293;0.00;0.00;4.80;4.80;4.90;1.85;1.85;1.85;2.15 
777249381;0.00;0.00;5.00;5.00;5.00;0.00;0.00;0.00;0.00 
777248812;0.00;0.00;5.00;5.00;4.55;0.00;0.00;0.00;0.00 
777249307;0.00;0.00;3.80;3.80;3.80;3.34;3.34;0.00;0.00 
777248755;0.00;0.00;4.55;4.55;4.67;0.00;0.00;0.00;0.00 
777953374;0.00;0.00;1.80;1.45;2.20;1.11;1.11;1.11;1.20 
777248733;0.00;0.00;4.80;4.80;3.65;1.45;1.45;1.45;1.45 
777248612;0.00;0.00;1.85;4.80;4.75;1.85;1.85;1.85;1.00 
777248202;0.00;0.00;4.55;4.15;3.65;1.25;1.25;1.25;1.00 
777248247;0.00;0.00;5.00;5.00;4.70;0.00;0.00;0.00;0.00 
777248784;0.00;0.00;5.00;5.00;5.00;2.27;2.27;2.27;2.65 
777248637;0.00;0.00;3.40;4.80;4.65;1.00;1.00;1.00;1.70 
777248796;0.00;0.00;5.00;5.00;4.90;2.86;2.86;2.86;2.35 
777248888;0.00;0.00;3.95;3.95;4.02;5.00;1.00;1.00;1.00 
777248994;0.00;0.00;4.05;3.95;4.25;0.00;0.00;0.00;0.00 
777249112;0.00;0.00;4.15;4.15;3.25;1.16;1.16;1.16;1.25 
777249123;0.00;0.00;4.80;4.80;5.00;1.05;1.05;1.05;1.60 
777249261;0.00;0.00;4.80;4.80;4.25;1.51;1.51;1.51;1.80 
777249270;0.00;0.00;4.80;4.80;3.90;1.00;1.00;1.00;1.45 
777249275;0.00;0.00;4.80;4.80;4.45;1.60;1.60;1.60;0.00 
777249376;0.00;0.00;4.59;4.55;2.15;1.78;3.55;3.00;0.00 
777249413;0.00;0.00;2.15;2.15;3.75;1.73;3.07;2.00;0.00 
777249467;0.00;0.00;0.00;2.15;2.80;1.87;3.18;2.00;0.00 
777249279;0.00;0.00;4.80;4.80;5.00;1.91;1.91;1.91;1.60 
777249297;0.00;0.00;4.80;4.80;4.60;5.00;1.60;1.60;1.00 
777249296;0.00;0.00;5.00;5.00;5.00;5.00;1.60;1.60;1.00 
777249298;0.00;0.00;4.80;4.80;5.00;1.56;1.56;1.56;1.80 
777249308;0.00;0.00;2.40;2.40;3.70;1.20;1.20;1.20;1.30 
777249318;0.00;0.00;4.35;4.35;4.34;4.04;4.04;2.74;2.10 
777249313;0.00;0.00;4.80;4.80;5.00;1.52;1.52;1.52;1.70 
777249321;0.00;0.00;4.80;4.80;5.00;2.74;2.74;2.74;3.15 
777249320;0.00;0.00;5.00;5.00;4.45;2.27;2.27;2.27;2.25 
777249311;0.00;0.00;4.80;4.80;4.75;2.38;2.38;2.38;1.70 
777249319;0.00;0.00;4.80;4.80;4.45;2.26;2.26;2.26;2.15 
777249335;0.00;0.00;4.80;4.80;5.00;1.41;1.41;1.41;1.60 
777249337;0.00;0.00;4.80;4.80;4.90;0.00;0.00;0.00;0.00 
777249338;0.00;0.00;4.80;4.80;4.30;1.00;1.00;1.00;3.80 
777249382;0.00;0.00;5.00;4.80;4.35;2.66;2.66;2.66;2.40 
777249041;0.00;0.00;0.00;0.00;0.00;0.00;0.00;0.00;0.00 
777249416;0.00;0.00;2.15;2.15;2.80;1.89;3.18;2.00;0.00 
777248261;0.00;0.00;3.40;3.40;3.60;1.92;3.20;2.00;0.00 
777248722;0.00;0.00;3.96;3.95;2.29;2.09;2.90;2.00;0.00 
777248607;0.00;0.00;2.15;2.15;2.15;1.99;3.38;2.00;0.00 
777248625;0.00;0.00;2.15;2.15;2.15;2.22;2.70;2.00;0.00 
777248168;0.00;0.00;2.15;2.15;2.15;2.15;3.29;2.00;0.00 
777248260;0.00;0.00;0.00;0.00;0.00;0.00;0.00;0.00;0.00 
777248304;0.00;0.00;4.05;2.15;4.05;2.26;2.90;2.00;0.00 
777248631;0.00;0.00;2.15;2.15;2.15;1.95;2.90;2.00;0.00 
777248213;0.00;0.00;2.15;2.15;2.15;1.93;3.20;2.00;0.00 
777248866;0.00;0.00;2.15;2.15;2.15;1.98;3.40;2.00;0.00 
777248873;0.00;0.00;2.15;2.15;2.15;2.08;3.40;2.00;0.00 
777248893;0.00;0.00;2.15;2.15;3.64;1.97;2.90;2.00;0.00 
777248907;0.00;0.00;3.64;3.75;4.02;2.53;3.45;2.00;0.00 
777249383;0.00;0.00;2.15;2.15;4.05;0.00;0.00;0.00;0.00 
777249384;0.00;0.00;2.15;2.15;4.46;1.96;3.18;2.00;0.00 
777249385;0.00;0.00;4.45;4.55;2.15;1.90;3.18;2.00;0.00 
777249374;0.00;0.00;2.15;2.15;2.15;2.10;3.18;0.00;0.00 
777249375;0.00;0.00;2.15;2.15;3.07;1.81;3.18;2.00;0.00 
777249474;0.00;0.00;0.00;3.00;3.00;0.00;1.00;1.00;0.00 
777249456;0.00;0.00;0.00;3.15;2.00;0.00;1.00;0.00;0.00 
777249459;0.00;0.00;0.00;3.00;2.80;0.00;1.00;0.00;0.00 
777249457;0.00;0.00;0.00;2.90;3.00;0.00;1.00;1.00;0.00 
777249492;0.00;0.00;0.00;3.00;3.00;0.00;2.00;2.00;0.00 
777249490;0.00;0.00;0.00;3.20;3.90;0.00;2.00;2.00;0.00 
777248048;0.00;0.00;4.20;4.20;2.75;0.00;2.00;2.00;0.00 
777248043;0.00;0.00;4.00;4.00;2.75;0.00;2.00;3.00;0.00 
777248516;0.00;0.00;4.70;4.70;1.50;0.00;2.00;2.00;0.00 
777248394;0.00;0.00;0.00;0.00;0.00;0.00;0.00;0.00;0.00 
777248052;0.00;0.00;5.00;5.00;3.45;0.00;2.00;2.00;0.00 
777248015;0.00;0.00;4.20;4.20;3.45;0.00;2.00;2.00;0.00 
777248475;0.00;0.00;4.20;4.20;3.15;0.00;3.00;2.00;0.00 
777248160;0.00;0.00;4.50;4.50;3.00;0.00;0.00;0.00;0.00 
777248499;0.00;0.00;3.90;3.90;1.25;0.00;1.00;1.00;0.00 
777248577;0.00;0.00;3.00;4.90;3.00;0.00;1.00;1.00;0.00 
777248827;0.00;0.00;4.50;4.50;3.00;0.00;1.00;1.00;0.00 
777248425;0.00;0.00;4.50;4.50;2.05;0.00;1.00;1.00;0.00 
777248374;0.00;0.00;4.00;4.00;3.45;0.00;2.00;2.00;0.00 
777248268;0.00;0.00;5.00;5.00;5.00;0.00;0.00;0.00;0.00 
777248715;0.00;0.00;5.00;5.00;2.90;0.00;1.00;1.00;0.00 
777248604;0.00;0.00;4.00;4.00;2.05;0.00;2.00;2.00;0.00 
777248072;0.00;0.00;5.00;5.00;2.55;0.00;0.00;0.00;0.00 
777248848;0.00;0.00;5.00;5.00;5.00;0.00;0.00;0.00;0.00 
777248181;0.00;0.00;4.40;4.40;2.90;0.00;0.00;0.00;0.00 
777248226;0.00;0.00;4.20;4.20;2.30;0.00;0.00;0.00;0.00 
777248413;0.00;0.00;4.30;4.30;1.35;0.00;4.00;3.00;0.00 
777248044;0.00;0.00;4.80;4.80;4.80;0.00;4.00;4.00;0.00 
777248029;0.00;0.00;3.65;3.65;3.50;0.00;2.00;2.00;0.00 
777248223;0.00;0.00;4.50;3.05;3.05;0.00;2.00;2.00;0.00 
777248233;0.00;0.00;4.05;3.35;3.35;0.00;2.00;1.00;0.00 
777249018;0.00;0.00;3.00;3.00;4.00;0.00;2.00;4.00;0.00 
777249050;0.00;0.00;3.00;4.35;4.35;0.00;2.00;3.00;0.00 
777249113;0.00;0.00;3.00;2.75;2.70;0.00;2.00;2.00;0.00 
777249114;0.00;0.00;3.05;3.05;3.50;0.00;2.00;2.00;0.00 
777249119;0.00;0.00;3.45;3.45;3.50;0.00;2.00;2.00;0.00 
777249122;0.00;0.00;3.00;4.90;1.50;0.00;2.00;2.00;0.00 
777249134;0.00;0.00;4.20;4.20;3.00;0.00;1.00;1.00;0.00 
777249145;0.00;0.00;3.00;3.00;3.90;0.00;2.00;2.00;0.00 
777249162;0.00;0.00;3.00;5.00;4.65;0.00;0.00;0.00;0.00 
777249127;0.00;0.00;3.45;3.45;2.25;0.00;2.00;2.00;0.00 
777249164;0.00;0.00;3.00;3.15;1.15;0.00;2.00;1.00;0.00 
777249186;0.00;0.00;5.00;5.00;5.00;0.00;2.00;1.00;0.00 
777249179;0.00;0.00;5.00;5.00;5.00;0.00;0.00;0.00;0.00 
777249185;0.00;0.00;5.00;5.00;5.00;0.00;0.00;0.00;0.00 
777249184;0.00;0.00;3.45;3.45;2.65;0.00;2.00;2.00;0.00 
777249187;0.00;0.00;3.00;2.75;2.75;0.00;0.00;0.00;0.00 
777249216;0.00;0.00;3.00;3.00;2.25;0.00;0.00;0.00;0.00 
777249203;0.00;0.00;2.75;2.75;3.50;0.00;4.00;2.00;0.00 
777249220;0.00;0.00;3.90;2.70;2.80;0.00;3.00;4.00;0.00 
777249269;0.00;0.00;3.00;3.00;3.50;0.00;0.00;0.00;0.00 
777249312;0.00;0.00;3.00;3.00;3.00;0.00;3.00;2.00;0.00 
777249322;0.00;0.00;3.00;2.95;2.55;0.00;2.00;2.00;0.00 
777249347;0.00;0.00;0.00;0.00;0.00;0.00;0.00;0.00;0.00 
777249348;0.00;0.00;3.00;3.00;5.00;0.00;1.00;0.00;0.00 
777249341;0.00;0.00;3.00;3.35;3.00;0.00;4.00;4.00;0.00 
777249353;0.00;0.00;3.00;3.00;3.00;0.00;0.00;0.00;0.00 
777249372;0.00;0.00;4.50;4.40;4.40;3.00;2.00;2.00;0.00 
777249373;0.00;0.00;2.75;2.75;3.35;0.00;3.00;3.00;0.00 
777249403;0.00;0.00;3.40;3.00;3.40;3.00;2.46;0.00;0.00 
777249434;0.00;0.00;3.40;3.70;3.40;3.00;2.30;0.00;0.00 
777249556;0.00;0.00;0.00;0.00;3.40;3.00;0.00;0.00;0.00 
777248216;0.00;0.00;3.05;2.05;2.05;2.58;2.00;2.10;0.00 
777248286;0.00;0.00;3.00;1.00;1.00;2.38;1.43;1.42;0.00 
777249415;0.00;0.00;3.40;3.40;3.00;3.73;2.03;2.18;0.00 
777248734;0.00;0.00;3.80;3.25;1.00;3.00;2.41;2.72;0.00 
777248276;0.00;0.00;3.40;3.00;3.25;3.00;2.44;2.44;0.00 
777248849;0.00;0.00;3.40;3.00;3.00;2.70;2.03;2.33;0.00 
777248671;0.00;0.00;3.40;3.25;2.05;3.00;2.22;2.71;0.00 
777248458;0.00;0.00;3.25;3.25;2.05;3.00;0.00;0.00;0.00 
777248773;0.00;0.00;3.25;3.25;3.25;3.00;2.60;2.62;0.00 
777248346;0.00;0.00;3.25;3.25;3.25;3.00;2.44;2.00;0.00 
777248995;0.00;0.00;3.40;3.40;3.40;3.00;2.36;2.83;0.00 
777248701;0.00;0.00;3.80;3.80;3.25;3.00;0.00;0.00;0.00 
777248418;0.00;0.00;4.00;3.60;3.80;3.00;2.59;3.01;0.00 
777248115;0.00;0.00;4.05;4.25;3.25;3.00;2.15;2.15;0.00 
777248244;0.00;0.00;3.80;4.00;3.60;3.00;0.00;0.00;0.00 
777248714;0.00;0.00;4.00;4.00;3.00;3.00;0.00;0.00;0.00 
777248134;0.00;0.00;3.65;3.25;4.00;3.00;0.00;0.00;0.00 
777248745;0.00;0.00;3.25;3.25;4.25;3.00;0.00;0.00;0.00 
777249075;0.00;0.00;0.41;0.32;0.14;0.00;0.00;0.00;0.00 
777249168;0.00;0.00;0.47;0.71;0.71;0.59;2.00;2.56;0.00 
777249224;0.00;0.00;4.80;4.30;4.05;0.00;0.00;0.00;0.00 
777248262;0.00;0.00;3.25;3.25;3.25;3.00;2.86;2.27;0.00 
777248817;0.00;0.00;3.50;3.40;3.25;3.00;2.41;2.30;0.00 
777248332;0.00;0.00;3.40;3.40;3.25;3.34;0.00;0.00;0.00 
777248682;0.00;0.00;3.30;3.40;3.40;3.00;0.00;0.00;0.00 
777248853;0.00;0.00;3.50;3.40;3.40;3.00;0.00;0.00;0.00 
777248869;0.00;0.00;0.00;0.00;0.00;0.00;0.00;0.00;0.00 
777248870;0.00;0.00;3.40;3.40;3.40;3.00;2.03;2.08;0.00 
777248868;0.00;0.00;4.00;3.40;3.40;3.00;0.00;0.00;0.00 
777248981;0.00;0.00;3.40;3.40;3.40;2.00;0.00;0.00;0.00 
777248985;0.00;0.00;3.80;3.40;3.00;3.03;2.37;2.54;0.00 
777248982;0.00;0.00;3.80;3.80;3.40;3.00;0.00;0.00;0.00 
777249034;0.00;0.00;3.50;3.40;3.40;3.00;0.00;0.00;0.00 
777249052;0.00;0.00;4.05;3.40;3.40;3.00;0.00;0.00;0.00 
777249084;0.00;0.00;3.80;3.70;3.40;2.00;0.00;0.00;0.00 
777249120;0.00;0.00;3.40;3.40;3.70;3.00;0.00;0.00;0.00 
777249207;0.00;0.00;3.40;3.40;3.40;3.00;2.82;2.54;0.00 
777249314;0.00;0.00;3.40;3.40;3.40;3.00;0.00;0.00;0.00 
777249410;0.00;0.00;3.40;3.40;3.40;3.00;0.00;0.00;0.00 
777249555;0.00;0.00;0.00;1.95;1.95;1.80;0.88;0.00;0.00 
777249219;0.00;0.00;1.80;1.80;1.80;1.80;0.88;1.80;3.11 
777249200;0.00;0.00;3.40;3.40;3.40;3.00;0.00;0.00;0.00 
777248408;0.00;0.00;4.68;3.41;2.81;0.87;2.98;2.32;0.00 
777249414;0.00;0.00;4.25;5.00;4.00;5.00;0.00;0.00;0.00 
777249448;0.00;0.00;0.00;4.90;5.00;5.00;0.00;0.00;0.00 
777249479;0.00;0.00;2.05;3.85;2.05;5.00;0.00;0.00;0.00 
777249580;0.00;0.00;0.00;0.00;0.00;5.00;0.00;0.00;0.00 
777248660;0.00;0.00;4.80;3.15;4.20;0.00;0.00;0.00;0.00 
777248500;0.00;0.00;4.05;3.60;2.60;0.00;0.00;0.00;0.00 
777248522;0.00;0.00;4.80;4.00;4.80;0.00;0.00;0.00;0.00 
777248659;0.00;0.00;4.90;4.90;5.00;0.00;0.00;0.00;0.00 
777248144;0.00;0.00;0.00;0.00;0.00;0.00;0.00;0.00;0.00 
777248804;0.00;0.00;5.00;3.80;5.00;0.00;0.00;0.00;0.00 
777248503;0.00;0.00;0.00;0.00;2.95;5.00;0.00;0.00;0.00 
777248560;0.00;0.00;4.00;4.80;5.00;5.00;0.00;0.00;0.00 
777248130;0.00;0.00;4.85;4.85;4.50;0.00;0.00;0.00;0.00 
777248348;0.00;0.00;0.00;0.00;0.00;0.00;0.00;0.00;0.00 
777248354;0.00;0.00;4.90;4.90;5.00;0.00;0.00;0.00;0.00 
777248592;0.00;0.00;4.05;4.00;3.75;4.51;0.00;0.00;0.00 
777248287;0.00;0.00;5.00;4.70;5.00;5.00;0.00;0.00;0.00 
777248674;0.00;0.00;4.90;3.95;4.70;0.62;0.00;0.00;0.00 
777248435;0.00;0.00;3.80;3.80;2.80;5.00;0.00;0.00;0.00 
777248469;0.00;0.00;3.75;3.45;3.65;5.00;0.00;0.00;0.00 
777248709;0.00;0.00;4.15;3.25;3.70;5.00;0.00;0.00;0.00 
777248729;0.00;0.00;4.00;3.00;3.00;5.00;0.00;0.00;0.00 
777248141;0.00;0.00;4.80;4.20;4.80;1.00;0.00;0.00;0.00 
777248387;0.00;0.00;4.15;4.00;4.00;0.00;0.00;0.00;0.00 
777248793;0.00;0.00;0.00;0.00;0.00;0.00;0.00;0.00;0.00 
777248655;0.00;0.00;3.70;3.60;2.45;4.44;0.00;0.00;0.00 
777248004;0.00;0.00;4.85;4.85;5.00;0.00;0.00;0.00;0.00 
777248155;0.00;0.00;4.10;4.50;4.10;5.00;0.00;0.00;0.00 
777248594;0.00;0.00;0.00;0.00;0.00;0.00;0.00;0.00;0.00 
777248097;0.00;0.00;3.90;3.90;2.65;5.00;0.00;0.00;0.00 
777248272;0.00;0.00;2.75;2.75;2.25;5.00;0.00;0.00;0.00 
777248409;0.00;0.00;4.25;4.30;3.70;5.00;0.00;0.00;0.00 
777248009;0.00;0.00;3.90;3.90;3.90;5.00;0.00;0.00;0.00 
777248196;0.00;0.00;4.25;4.50;3.35;5.00;0.00;0.00;0.00 
777248195;0.00;0.00;4.80;4.00;3.60;5.00;0.00;0.00;0.00 
777248377;0.00;0.00;3.85;3.20;2.65;0.00;0.00;0.00;0.00 
777248427;0.00;0.00;4.35;3.90;4.25;5.00;0.00;0.00;0.00 
777248839;0.00;0.00;4.00;3.85;3.75;5.00;0.00;0.00;0.00 
777248316;0.00;0.00;5.00;4.70;4.50;5.00;0.00;0.00;0.00 
777248838;0.00;0.00;3.45;3.45;2.45;0.00;0.00;0.00;0.00 
777248075;0.00;0.00;4.50;4.00;4.00;5.00;0.00;0.00;0.00 
777248744;0.00;0.00;0.00;0.00;0.00;0.00;0.00;0.00;0.00 
777248153;0.00;0.00;3.85;3.85;2.45;5.00;0.00;0.00;0.00 
777248478;0.00;0.00;4.05;3.80;2.75;5.00;0.00;0.00;0.00 
777248616;0.00;0.00;0.00;0.00;0.00;0.00;0.00;0.00;0.00 
777248103;0.00;0.00;3.35;3.35;3.35;5.00;0.00;0.00;0.00 
777248740;0.00;0.00;3.65;3.60;2.95;0.00;0.00;0.00;0.00 
777248373;0.00;0.00;0.00;0.00;0.00;0.00;0.00;0.00;0.00 
777248691;0.00;0.00;0.00;0.00;0.00;0.00;0.00;0.00;0.00 
777248040;0.00;0.00;4.80;3.40;2.75;5.00;0.00;0.00;0.00 
777248702;0.00;0.00;4.15;3.80;3.00;5.00;0.00;0.00;0.00 
777248741;0.00;0.00;2.90;2.60;2.05;0.00;0.00;0.00;0.00 
777248481;0.00;0.00;4.80;4.80;4.80;0.00;0.00;0.00;0.00 
777248020;0.00;0.00;4.40;4.40;4.30;5.00;0.00;0.00;0.00 
777248677;0.00;0.00;3.90;3.90;3.90;5.00;0.00;0.00;0.00 
777248423;0.00;0.00;5.00;3.20;3.20;0.00;0.00;0.00;0.00 
777248550;0.00;0.00;4.20;2.80;4.90;0.00;0.00;0.00;0.00 
777248797;0.00;0.00;4.85;3.25;5.00;0.00;0.00;0.00;0.00 
777248126;0.00;0.00;3.60;3.60;2.45;0.00;0.00;0.00;0.00 
777248179;0.00;0.00;5.00;3.95;4.20;5.00;0.00;0.00;0.00 
777248331;0.00;0.00;0.00;0.00;0.00;0.00;0.00;0.00;0.00 
777248835;0.00;0.00;4.80;3.80;4.80;5.00;0.00;0.00;0.00 
777248559;0.00;0.00;0.00;0.00;0.00;0.00;0.00;0.00;0.00 
777248238;0.00;0.00;0.00;0.00;0.00;0.00;0.00;0.00;0.00 
777248591;0.00;0.00;4.05;4.05;4.90;5.00;0.00;0.00;0.00 
777248697;0.00;0.00;3.95;3.80;3.15;0.00;0.00;0.00;0.00 
777248207;0.00;0.00;4.40;3.45;4.40;5.00;0.00;0.00;0.00 
777248833;0.00;0.00;4.80;4.85;3.85;5.00;0.00;0.00;0.00 
777248248;0.00;0.00;2.75;2.75;2.75;0.00;0.00;0.00;0.00 
777248801;0.00;0.00;3.70;3.60;5.00;0.00;0.00;0.00;0.00 
777248681;0.00;0.00;4.20;4.20;3.00;0.96;0.00;0.00;0.00 
777248302;0.00;0.00;4.90;4.90;4.90;5.00;0.00;0.00;0.00 
777248707;0.00;0.00;3.65;3.60;5.00;0.00;0.00;0.00;0.00 
777248830;0.00;0.00;3.25;2.90;2.35;0.00;0.00;0.00;0.00 
777248836;0.00;0.00;4.30;3.40;4.30;0.00;0.00;0.00;0.00 
777248114;0.00;0.00;4.40;3.20;4.40;5.00;0.00;0.00;0.00 
777248689;0.00;0.00;4.20;4.20;3.25;5.00;0.00;0.00;0.00 
777248039;0.00;0.00;0.00;0.00;5.00;1.00;0.00;0.00;0.00 
777248708;0.00;0.00;4.85;4.85;4.50;0.91;0.00;0.00;0.00 
777248696;0.00;0.00;3.00;2.60;2.45;0.00;0.00;0.00;0.00 
777248297;0.00;0.00;4.80;3.00;4.05;3.51;0.00;0.00;0.00 
777248083;0.00;0.00;3.20;3.20;1.85;5.00;0.00;0.00;0.00 
777248780;0.00;0.00;5.00;3.80;5.00;0.00;0.00;0.00;0.00 
777248876;0.00;0.00;0.00;3.80;5.00;0.00;0.00;0.00;0.00 
777248851;0.00;0.00;4.25;4.10;3.25;1.24;0.00;0.00;0.00 
777248890;0.00;0.00;0.00;0.00;0.00;0.00;0.00;0.00;0.00 
777248905;0.00;0.00;4.10;3.95;2.75;0.00;0.00;0.00;0.00 
777248903;0.00;0.00;0.00;0.00;0.00;0.00;0.00;0.00;0.00 
777248928;0.00;0.00;4.05;3.80;2.65;5.00;0.00;0.00;0.00 
777248927;0.00;0.00;4.30;4.20;3.35;3.58;0.00;0.00;0.00 
777248944;0.00;0.00;5.00;4.80;4.40;0.98;0.00;0.00;0.00 
777248955;0.00;0.00;4.40;4.40;3.15;3.00;0.00;0.00;0.00 
777248959;0.00;0.00;4.90;4.70;3.75;0.00;0.00;0.00;0.00 
777248972;0.00;0.00;5.00;3.05;2.45;5.00;0.00;0.00;0.00 
777249001;0.00;0.00;5.00;5.00;4.70;5.00;0.00;0.00;0.00 
777249023;0.00;0.00;3.70;3.50;2.55;5.00;0.00;0.00;0.00 
777249024;0.00;0.00;4.05;3.95;3.20;5.00;0.00;0.00;0.00 
777249025;0.00;0.00;4.50;4.30;3.90;0.00;0.00;0.00;0.00 
777249002;0.00;0.00;4.40;3.85;4.40;5.00;0.00;0.00;0.00 
777249048;0.00;0.00;4.70;3.80;5.00;0.00;0.00;0.00;0.00 
777249028;0.00;0.00;4.50;4.00;4.00;0.00;0.00;0.00;0.00 
777249029;0.00;0.00;4.90;3.95;4.90;0.00;0.00;0.00;0.00 
777249049;0.00;0.00;4.30;3.50;3.00;0.00;0.00;0.00;0.00 
777249044;0.00;0.00;4.25;4.20;2.85;3.44;0.00;0.00;0.00 
777249045;0.00;0.00;4.10;3.20;2.45;5.00;0.00;0.00;0.00 
777249057;0.00;0.00;3.95;2.75;1.65;0.96;0.00;0.00;0.00 
777249058;0.00;0.00;3.80;3.80;2.45;5.00;0.00;0.00;0.00 
777248889;0.00;0.00;3.65;3.50;3.35;5.00;0.00;0.00;0.00 
777249109;0.00;0.00;4.75;4.50;4.90;0.00;0.00;0.00;0.00 
777249110;0.00;0.00;5.00;3.85;5.00;5.00;0.00;0.00;0.00 
777249295;0.00;0.00;4.90;4.90;5.00;5.00;0.00;0.00;0.00 
777249202;0.00;0.00;4.45;4.25;4.45;5.00;0.00;0.00;0.00 
777249154;0.00;0.00;5.00;5.00;5.00;0.00;0.00;0.00;0.00 
777249153;0.00;0.00;5.00;5.00;5.00;0.00;0.00;0.00;0.00 
777249178;0.00;0.00;4.40;4.20;4.15;5.00;0.00;0.00;0.00 
777249157;0.00;0.00;0.00;0.00;5.00;0.00;0.00;0.00;0.00 
777249176;0.00;0.00;5.00;5.00;4.50;5.00;0.00;0.00;0.00 
777249175;0.00;0.00;4.25;3.50;3.05;5.00;0.00;0.00;0.00 
777248442;0.00;0.00;4.55;4.55;4.60;5.00;0.00;0.00;0.00 
777249190;0.00;0.00;4.40;4.70;4.35;0.00;0.00;0.00;0.00 
777249197;0.00;0.00;5.00;5.00;5.00;0.00;0.00;0.00;0.00 
777249222;0.00;0.00;4.05;3.45;2.45;4.00;0.00;0.00;0.00 
777249237;0.00;0.00;5.00;4.85;3.55;0.00;0.00;0.00;0.00 
777249239;0.00;0.00;4.80;3.80;2.80;3.09;0.00;0.00;0.00 
777249248;0.00;0.00;4.05;4.05;3.60;5.00;0.00;0.00;0.00 
777249251;0.00;0.00;4.30;4.30;3.15;2.64;0.00;0.00;0.00 
777249254;0.00;0.00;3.90;3.85;2.45;5.00;0.00;0.00;0.00 
777249256;0.00;0.00;3.95;3.85;3.20;5.00;0.00;0.00;0.00 
777249265;0.00;0.00;0.00;0.00;0.00;0.00;0.00;0.00;0.00 
777249288;0.00;0.00;3.95;3.80;4.55;0.00;0.00;0.00;0.00 
777249259;0.00;0.00;4.80;3.80;5.00;0.00;0.00;0.00;0.00 
777249316;0.00;0.00;4.90;4.90;3.95;5.00;0.00;0.00;0.00 
777249196;0.00;0.00;5.00;5.00;5.00;0.00;0.00;0.00;0.00 
777249201;0.00;0.00;4.90;5.00;4.90;5.00;0.00;0.00;0.00 
777249377;0.00;0.00;0.00;0.00;0.00;5.00;0.00;0.00;0.00 
777249396;0.00;0.00;3.60;2.70;2.65;5.00;0.00;0.00;0.00 
777248686;0.00;0.00;3.08;2.83;3.70;2.60;2.90;2.82;2.28 
777248687;0.00;0.00;3.90;3.73;3.85;3.85;0.00;0.00;0.00 
777248218;0.00;0.00;2.85;3.14;2.35;2.35;0.00;0.00;0.00 
777248122;0.00;0.00;2.71;2.86;2.75;2.30;2.50;1.95;2.80 
777249132;0.00;0.00;3.52;3.43;2.95;2.75;0.00;0.00;0.00 
777249443;0.00;0.00;4.15;4.45;4.55;3.85;0.00;0.00;0.00 
777249444;0.00;0.00;0.00;3.24;3.25;3.02;3.21;2.93;0.00 
777249133;0.00;0.00;2.10;2.10;1.70;0.00;3.87;3.40;2.73 
777249484;0.00;0.00;0.00;1.80;1.80;0.00;4.75;3.63;3.36 
777249471;0.00;0.00;0.00;1.80;1.80;0.00;0.00;0.00;0.00 
777249534;0.00;0.00;0.00;0.00;2.55;0.00;4.22;1.56;1.87 
777249546;0.00;0.00;0.00;0.00;1.00;0.00;4.53;4.65;3.53 
777248140;0.00;0.00;0.00;0.00;0.00;0.00;0.00;0.00;0.00 
777248498;0.00;0.00;2.75;1.80;1.85;0.00;3.37;2.60;2.60 
777248162;0.00;0.00;2.90;2.90;2.90;0.00;0.00;0.00;0.00 
777248424;0.00;0.00;2.55;2.55;2.55;0.00;0.00;0.00;0.00 
777248663;0.00;0.00;2.55;1.80;1.80;0.00;0.00;0.00;0.00 
777249035;0.00;0.00;1.80;1.80;1.70;0.00;2.70;2.33;3.05 
777249108;0.00;0.00;1.80;1.80;1.00;0.00;4.43;1.76;1.76 
777249231;0.00;0.00;2.85;2.85;1.25;0.00;4.75;4.55;0.00 
777249370;0.00;0.00;2.05;2.05;2.05;0.00;0.00;0.00;0.00 
777249394;0.00;0.00;1.80;1.95;1.95;0.00;4.30;2.71;2.71 
777249461;0.00;0.00;0.00;1.80;1.00;0.00;4.88;1.26;2.70 
777248630;0.00;0.00;3.85;3.80;3.65;1.00;2.15;2.00;2.37 
777249086;0.00;0.00;3.55;3.10;1.80;2.65;2.35;1.00;1.60 
777249462;0.00;0.00;0.00;1.50;1.00;0.00;4.43;2.62;2.62 
777249463;0.00;0.00;0.00;1.80;1.80;0.00;3.49;3.04;3.04 
777248188;0.00;0.00;1.90;4.30;1.00;1.55;1.00;2.00;2.50 
777248271;0.00;0.00;3.95;4.30;1.50;1.60;2.40;1.30;2.32 
777249165;0.00;0.00;2.90;2.10;2.05;0.00;0.00;0.00;0.00 
777249389;0.00;0.00;3.25;2.45;2.45;0.00;0.00;0.00;0.00 
777248366;0.00;0.00;2.40;2.20;1.90;0.00;2.03;2.03;1.10 
777249059;0.00;0.00;1.60;1.60;1.60;0.00;0.00;0.00;0.00 
777248417;0.00;0.00;1.95;1.95;1.95;0.00;1.83;0.00;0.00 
777248447;0.00;0.00;2.95;2.95;1.57;0.00;1.58;0.00;0.00 
777248588;0.00;0.00;1.82;1.82;1.82;0.00;1.82;0.00;0.00 
777248624;0.00;0.00;1.85;1.85;1.43;0.00;1.43;0.00;0.00 
777248845;0.00;0.00;2.20;2.20;2.20;0.00;2.02;0.00;0.00 
777248206;0.00;0.00;0.72;0.72;0.72;0.00;1.46;0.00;0.00 
777248334;0.00;0.00;1.38;1.38;1.38;0.00;1.38;0.00;0.00 
777248282;0.00;0.00;2.42;2.42;2.42;0.00;1.38;0.00;0.00 
777248080;0.00;0.00;3.37;3.37;3.37;0.00;0.00;0.00;0.00 
777248438;0.00;0.00;3.55;3.55;1.58;0.00;1.28;0.00;0.00 
777248028;0.00;0.00;2.04;2.04;2.04;0.00;0.00;0.00;0.00 
777248807;0.00;0.00;3.55;3.55;3.55;0.00;1.46;0.00;0.00 
777249211;0.00;0.00;2.47;2.47;2.47;0.00;2.47;0.00;0.00 
777249212;0.00;0.00;5.00;5.00;5.00;0.00;3.00;0.00;0.00 
777249245;0.00;0.00;5.00;5.00;4.94;0.00;0.00;0.00;0.00 
777248317;0.00;0.00;1.00;1.35;1.35;3.00;3.00;4.00;0.00 
777249488;0.00;0.00;0.00;2.15;2.15;2.00;3.00;2.00;0.00 
777248446;0.00;0.00;1.00;1.30;1.30;3.00;3.00;3.00;0.00 
777249299;0.00;0.00;4.00;2.45;2.45;1.00;2.00;2.00;0.00 
777248448;0.00;0.00;0.00;0.00;0.00;0.00;0.00;0.00;0.00 
777249509;0.00;0.00;0.00;2.50;2.50;2.99;2.92;2.57;0.00 
777248441;0.00;0.00;2.75;2.00;2.00;2.83;0.00;0.00;0.00 
777248669;0.00;0.00;2.50;2.00;2.00;2.74;2.50;2.51;0.00 
777249436;0.00;0.00;2.00;2.90;4.25;1.85;2.60;1.90;0.00 
777249567;0.00;0.00;0.00;0.00;3.35;0.00;2.00;2.00;3.45 
777248333;0.00;0.00;4.00;1.89;3.40;1.80;3.00;0.00;0.00 
777248257;0.00;0.00;2.16;3.00;4.00;2.00;2.00;1.71;0.00 
777249031;0.00;0.00;4.00;1.96;3.40;1.20;0.00;1.44;0.00 
777249107;0.00;0.00;3.35;3.00;4.00;1.90;2.00;2.82;0.00 
777249163;0.00;0.00;3.00;3.48;2.05;1.20;2.60;2.06;0.00 
777249342;0.00;0.00;4.16;4.00;3.05;2.00;2.50;2.13;0.00 
777249343;0.00;0.00;3.00;3.94;3.25;2.75;3.20;1.40;0.00 
777248094;0.00;0.00;3.80;4.10;3.73;0.00;2.00;2.00;3.25 
777248208;0.00;0.00;3.80;3.40;2.60;2.70;2.00;4.00;3.80 
777248187;0.00;0.00;3.90;3.70;3.63;0.00;0.00;0.00;0.00 
777248531;0.00;0.00;4.20;3.90;4.15;0.00;0.00;0.00;0.00 
777249344;0.00;0.00;4.00;3.40;3.25;1.20;1.20;1.96;0.00 
777249345;0.00;0.00;2.00;3.58;3.25;0.00;0.00;0.00;0.00 
777249346;0.00;0.00;2.00;2.00;4.25;2.10;1.90;0.00;0.00 
777249402;0.00;0.00;3.00;2.90;4.25;2.25;2.20;2.17;0.00 
777249592;0.00;0.00;0.00;2.45;2.45;4.80;4.80;0.00;0.00 
777249209;0.00;0.00;2.90;2.90;2.90;3.45;3.45;0.00;0.00 
777249210;0.00;0.00;3.00;3.00;3.00;2.75;2.75;0.00;0.00 
777249593;0.00;0.00;0.00;2.90;2.90;4.80;4.80;0.00;0.00 
777249594;0.00;0.00;0.00;2.90;2.90;1.90;1.90;0.00;0.00 
777248786;0.00;0.00;3.00;3.00;3.00;3.90;3.90;0.00;0.00 
777249072;0.00;0.00;3.15;3.15;3.15;2.05;2.05;0.00;0.00 
777249076;0.00;0.00;2.75;2.75;2.75;3.40;3.40;0.00;0.00 
777249226;0.00;0.00;4.30;4.00;4.00;4.00;2.00;2.00;3.50 
777249548;0.00;0.00;0.00;0.00;3.15;0.00;0.00;0.00;0.00 
777249549;0.00;0.00;0.00;0.00;3.15;0.00;2.00;3.00;3.15 
777249589;0.00;0.00;0.00;0.00;0.00;0.00;3.00;3.00;3.00 
777249606;0.00;0.00;0.00;0.00;0.00;0.00;2.00;2.00;3.15 
777248768;0.00;0.00;3.70;3.55;3.65;0.00;2.00;3.00;3.45 
777248242;0.00;0.00;3.70;3.60;3.45;4.00;0.00;0.00;0.00 
777248455;0.00;0.00;3.70;3.75;3.08;3.00;3.00;2.00;3.60 
777248284;0.00;0.00;3.25;3.70;2.45;2.55;2.00;3.00;3.16 
777248509;0.00;0.00;4.00;3.70;3.30;3.00;3.00;2.00;3.30 
777248066;0.00;0.00;4.10;3.70;4.10;3.00;4.00;3.00;5.00 
777248259;0.00;0.00;4.15;3.80;3.80;4.80;3.00;3.00;4.90 
777248357;0.00;0.00;3.90;3.70;3.68;0.00;3.00;3.00;3.40 
777248315;0.00;0.00;3.15;3.25;3.40;4.00;4.00;3.00;3.40 
777248690;0.00;0.00;3.80;3.70;3.45;3.00;0.00;0.00;0.00 
777248676;0.00;0.00;4.30;4.00;4.20;3.60;3.00;3.00;4.80 
777248106;0.00;0.00;3.70;3.55;3.55;3.55;2.00;2.00;3.40 
777248430;0.00;0.00;4.45;4.00;4.15;0.00;4.00;4.00;4.00 
777248443;0.00;0.00;3.45;3.65;0.00;0.00;0.00;0.00;0.00 
777248290;0.00;0.00;4.20;4.00;0.00;0.00;3.00;3.00;3.75 
777248721;0.00;0.00;3.20;3.05;3.20;2.60;2.00;3.00;2.70 
777248855;0.00;0.00;3.45;3.60;3.45;3.00;2.00;2.00;3.20 
777248874;0.00;0.00;2.65;2.45;2.45;2.45;1.00;2.00;3.55 
777248892;0.00;0.00;3.70;3.45;3.30;3.30;2.00;3.00;3.05 
777248934;0.00;0.00;3.80;3.70;4.30;3.00;3.00;4.00;3.50 
777248983;0.00;0.00;3.70;3.45;3.40;4.00;0.00;0.00;0.00 
777249070;0.00;0.00;2.65;2.45;2.45;3.00;3.00;2.00;2.93 
777249102;0.00;0.00;3.70;3.70;3.70;3.00;2.00;2.00;3.15 
777249227;0.00;0.00;3.40;3.15;3.10;3.10;2.00;3.00;4.90 
777249156;0.00;0.00;4.75;4.45;4.55;4.00;3.00;3.00;4.30 
777249228;0.00;0.00;4.10;4.15;4.15;0.00;0.00;0.00;0.00 
777249243;0.00;0.00;4.00;3.70;3.97;3.97;3.00;3.00;4.25 
777249294;0.00;0.00;3.80;3.45;3.70;3.00;2.00;2.00;3.70 
777249331;0.00;0.00;3.95;4.05;0.00;0.00;0.00;0.00;0.00 
777248107;0.00;0.00;2.10;2.10;2.30;2.30;1.97;1.85;2.28 
777248596;0.00;0.00;2.10;2.10;2.30;2.30;1.82;1.90;2.50 
777248829;0.00;0.00;2.10;2.10;2.30;2.30;2.09;2.05;2.51 
777249081;0.00;0.00;4.20;4.20;2.40;2.40;2.40;2.35;2.68 
777249077;0.00;0.00;4.20;4.00;3.55;2.44;2.53;2.75;2.70 
777249435;0.00;0.00;5.00;4.10;2.70;2.06;2.84;1.85;2.46 
777248210;0.00;0.00;2.15;2.10;2.60;2.60;3.11;3.03;2.83 
777249334;0.00;0.00;2.15;2.30;2.30;2.64;3.28;3.28;2.28 
777249378;0.00;0.00;2.15;3.10;3.10;3.00;3.26;3.26;2.19 
777249499;0.00;0.00;0.00;2.00;2.00;3.04;3.38;0.00;0.00 
777249503;0.00;0.00;0.00;2.80;2.80;2.80;3.35;3.35;0.00 
777249518;0.00;0.00;0.00;3.25;3.25;3.26;3.28;3.28;2.32 
777248464;0.00;0.00;3.80;2.50;2.50;0.00;0.00;0.00;0.00 
777248305;0.00;0.00;2.15;1.00;1.90;3.12;3.28;3.33;2.33 
777248896;0.00;0.00;2.00;1.25;1.80;2.80;3.18;3.23;2.51 
777249253;0.00;0.00;2.15;1.80;2.10;2.80;3.28;3.28;2.20 
777249271;0.00;0.00;0.16;0.16;0.16;0.00;0.00;0.00;0.00 
777249283;0.00;0.00;0.20;0.20;0.20;0.00;0.00;0.00;0.00 
777249380;0.00;0.00;0.13;0.13;0.13;0.00;0.00;0.00;0.00 
777249399;0.00;0.00;0.22;0.16;0.16;0.00;0.00;0.00;0.00 
777248705;0.00;0.00;3.39;3.93;3.03;3.03;3.04;0.00;0.00 
777248328;0.00;0.00;3.93;3.93;3.04;3.04;3.06;0.00;0.00 
777248999;0.00;0.00;4.19;4.01;4.01;0.00;0.00;0.00;0.00 
777248152;0.00;0.00;1.00;1.00;1.00;1.75;0.00;1.53;0.00 
777248055;0.00;0.00;0.00;0.00;0.00;0.00;0.00;0.00;0.00 
777248496;0.00;0.00;1.65;0.00;1.25;2.10;0.00;1.20;0.00 
777248076;0.00;0.00;2.30;0.00;2.30;1.15;0.00;1.30;0.00 
777249182;0.00;0.00;2.25;1.80;1.50;1.90;0.00;1.91;0.00 
777953298;0.00;0.00;2.10;2.12;1.00;2.85;0.00;4.00;0.00 
777248519;0.00;0.00;1.85;2.05;1.75;1.10;0.00;1.00;0.00 
777249569;0.00;0.00;0.00;0.00;0.00;0.00;0.00;0.00;0.00 
777249453;0.00;0.00;0.00;3.41;3.41;3.41;2.65;0.00;0.00 
777249610;0.00;0.00;0.00;0.00;0.00;3.35;3.05;0.00;0.00 
777249476;0.00;0.00;0.00;1.00;4.10;3.00;3.25;0.00;0.00 
777249493;0.00;0.00;0.00;3.00;2.25;0.00;0.00;0.00;0.00 
777249083;0.00;0.00;5.00;5.00;4.50;5.00;0.00;0.00;0.00 
777249177;0.00;0.00;2.05;2.55;2.05;5.00;0.00;0.00;0.00 
777249420;0.00;0.00;4.45;3.10;3.25;2.05;1.00;1.00;1.00 
777249169;0.00;0.00;2.35;2.10;2.35;2.90;1.65;4.00;0.00 
777249597;0.00;0.00;0.00;0.00;0.00;0.00;3.50;3.00;2.39 
777248433;0.00;0.00;2.00;2.52;1.65;1.55;0.00;1.20;0.00 
777249543;0.00;0.00;0.00;0.00;2.80;3.00;1.35;1.85;0.00 
777249710;0.00;0.00;0.00;0.00;0.00;0.00;0.00;1.85;0.00 
777249508;0.00;0.00;0.00;1.80;0.00;0.00;0.00;1.00;0.00 
777249725;0.00;0.00;0.00;0.00;0.00;0.00;0.00;0.00;1.82 
777249582;0.00;0.00;0.00;0.00;0.00;0.00;0.00;0.00;0.00 
777249727;0.00;0.00;0.00;0.00;0.00;0.00;0.00;0.00;2.12 
777248146;0.00;0.00;1.75;2.28;1.60;2.05;0.00;1.87;0.00 
777249544;0.00;0.00;0.00;0.00;3.50;3.00;1.20;2.75;0.00 
777248492;0.00;0.00;3.25;3.25;3.25;0.00;0.00;0.00;0.00 
777249575;0.00;0.00;0.00;0.00;0.00;0.00;0.00;0.00;0.00 
777249638;0.00;0.00;0.00;0.00;0.00;0.00;0.00;3.00;2.35 
777249675;0.00;0.00;0.00;0.00;0.00;0.00;0.00;3.00;2.56 
777249624;0.00;0.00;0.00;0.00;0.00;1.10;0.00;0.00;0.00 
777249692;0.00;0.00;0.00;0.00;0.00;0.00;0.00;0.00;0.00 
777249527;0.00;0.00;0.00;0.00;0.00;0.00;0.00;0.00;0.00 
777249703;0.00;0.00;0.00;0.00;0.00;0.00;0.00;2.56;2.07 
777249723;0.00;0.00;0.00;0.00;0.00;0.00;0.00;0.00;0.00 
777249736;0.00;0.00;0.00;0.00;0.00;0.00;0.00;0.00;0.00 
777249628;0.00;0.00;0.00;0.00;0.00;0.00;0.00;3.00;0.00 
777249621;0.00;0.00;0.00;0.00;0.00;0.00;0.00;3.00;2.45 
777249731;0.00;0.00;0.00;0.00;0.00;0.00;0.00;0.00;1.86 
777249681;0.00;0.00;0.00;0.00;0.00;0.00;0.00;0.00;0.00 
777249645;0.00;0.00;0.00;0.00;0.00;0.00;0.00;3.00;2.38 
777249708;0.00;0.00;0.00;0.00;0.00;0.00;0.00;0.00;0.00 
777249715;0.00;0.00;0.00;0.00;0.00;0.00;0.00;0.00;0.00 
777249545;0.00;0.00;0.00;0.00;0.00;0.00;0.00;1.85;0.00 
777249512;0.00;0.00;0.00;0.00;2.50;0.00;0.00;0.00;0.00 
777249654;0.00;0.00;0.00;0.00;0.00;0.00;0.00;0.00;0.00 
777953297;0.00;0.00;1.00;1.65;1.00;0.00;0.00;0.00;0.00 
777249639;0.00;0.00;0.00;0.00;0.00;0.00;0.00;0.00;0.00 
777249559;0.00;0.00;0.00;0.00;1.70;0.00;0.00;0.00;0.00 
777249673;0.00;0.00;0.00;0.00;0.00;0.00;0.00;3.00;2.38 
777249622;0.00;0.00;0.00;0.00;0.00;1.00;0.00;1.91;0.00 
777249604;0.00;0.00;0.00;0.00;0.00;1.40;0.00;1.40;0.00 
777249701;0.00;0.00;0.00;0.00;0.00;0.00;0.00;0.00;2.63 
777249530;0.00;0.00;0.00;0.00;1.00;0.00;0.00;0.00;0.00 
777249550;0.00;0.00;0.00;0.00;0.00;0.00;0.00;0.00;0.00 
777249612;0.00;0.00;0.00;0.00;0.00;0.00;0.00;0.00;0.00 
777249553;0.00;0.00;0.00;0.00;2.05;5.00;0.00;0.00;0.00 
777249277;0.00;0.00;1.00;2.18;1.00;1.10;0.00;0.00;0.00 
777249664;0.00;0.00;0.00;0.00;0.00;0.00;0.00;0.00;0.00 
777249634;0.00;0.00;0.00;0.00;0.00;0.00;0.00;0.00;0.00 
777249504;0.00;0.00;0.00;0.00;2.95;5.00;0.00;0.00;0.00 
777249670;0.00;0.00;0.00;0.00;0.00;0.00;0.00;3.00;2.53 
777249536;0.00;0.00;0.00;0.00;1.45;5.00;0.00;0.00;0.00 
777249520;0.00;0.00;0.00;0.00;2.20;5.00;0.00;0.00;0.00 
777249577;0.00;0.00;0.00;0.00;0.00;2.25;0.00;2.50;0.00 
777249601;0.00;0.00;0.00;0.00;0.00;3.00;3.00;3.00;0.00 
777249717;0.00;0.00;0.00;0.00;0.00;0.00;0.00;0.00;0.00 
777249608;0.00;0.00;0.00;0.00;0.00;2.59;2.47;2.47;0.00 
777951706;0.00;0.00;4.00;2.50;3.60;4.00;2.90;4.00;2.86 
777249615;0.00;0.00;0.00;0.00;0.00;0.00;0.00;0.00;0.00 
777249496;0.00;0.00;0.00;1.00;1.00;2.00;2.75;0.00;0.00 
777248232;0.00;0.00;2.80;2.80;2.50;0.00;2.00;2.00;0.00 
777249702;0.00;0.00;0.00;0.00;0.00;0.00;0.00;0.00;0.00 
777249558;0.00;0.00;0.00;0.00;0.00;1.00;0.00;2.85;0.00 
777249595;0.00;0.00;0.00;0.00;0.00;2.00;0.00;1.95;0.00 
777249609;0.00;0.00;0.00;0.00;0.00;0.00;1.00;1.00;0.00 
777249644;0.00;0.00;0.00;0.00;0.00;0.00;0.00;0.00;0.00 
777249636;0.00;0.00;0.00;0.00;0.00;0.00;0.00;3.00;2.59 
777249688;0.00;0.00;0.00;0.00;0.00;0.00;0.00;2.19;0.00 
777249680;0.00;0.00;0.00;0.00;0.00;0.00;0.00;0.00;0.00 
777249576;0.00;0.00;0.00;0.00;1.30;0.00;0.00;0.00;0.00 
777953295;0.00;0.00;1.65;0.00;0.00;1.00;0.00;3.31;0.00 
777249696;0.00;0.00;0.00;0.00;0.00;0.00;0.00;0.00;0.00 
777248489;0.00;0.00;3.45;2.42;2.23;2.00;2.00;3.00;0.00 
777249557;0.00;0.00;0.00;0.00;4.00;2.95;4.00;3.00;2.11 
777249551;0.00;0.00;0.00;0.00;0.00;0.00;0.00;0.00;0.00 
777249554;0.00;0.00;0.00;0.00;3.60;1.80;1.00;2.55;0.00 
777249693;0.00;0.00;0.00;0.00;0.00;0.00;0.00;0.00;2.28 
777249541;0.00;0.00;0.00;0.00;1.75;0.00;1.00;1.00;0.00 
777249672;0.00;0.00;0.00;0.00;0.00;0.00;0.00;3.40;0.00 
777249630;0.00;0.00;0.00;0.00;0.00;0.00;0.00;0.00;0.00 
777249533;0.00;0.00;0.00;0.00;1.55;5.00;0.00;0.00;0.00 
777249684;0.00;0.00;0.00;0.00;0.00;0.00;0.00;0.00;3.25 
777249695;0.00;0.00;0.00;0.00;0.00;0.00;0.00;1.44;0.00 
777249724;0.00;0.00;0.00;0.00;0.00;0.00;0.00;0.00;2.37 
777249655;0.00;0.00;0.00;0.00;0.00;0.00;0.00;1.75;0.00 
777249626;0.00;0.00;0.00;0.00;0.00;3.25;1.25;1.85;0.00 
777249650;0.00;0.00;0.00;0.00;0.00;0.00;0.00;0.00;0.00 
777930054;0.00;0.00;0.00;0.00;3.87;2.35;4.30;2.04;0.00 
777249584;0.00;0.00;0.00;0.00;0.00;2.35;2.00;2.00;0.00 
